Timestamp;Stromverbrauch
2023-09-30 00:00:00;5120.994
2023-09-30 01:00:00;4849.753
2023-09-30 02:00:00;4771.585
2023-09-30 03:00:00;4625.304
2023-09-30 04:00:00;4614.416
2023-09-30 05:00:00;4788.262
2023-09-30 06:00:00;5193.833
2023-09-30 07:00:00;5715.898
2023-09-30 08:00:00;6085.898
2023-09-30 09:00:00;6275.472
2023-09-30 10:00:00;6301.702
2023-09-30 11:00:00;6334.286
2023-09-30 12:00:00;6054.021
2023-09-30 13:00:00;5774.479
2023-09-30 14:00:00;5642.532
2023-09-30 15:00:00;5646.458
2023-09-30 16:00:00;5733.564
2023-09-30 17:00:00;5984.673
2023-09-30 18:00:00;6100.824
2023-09-30 19:00:00;6097.355
2023-09-30 20:00:00;5701.211
2023-09-30 21:00:00;5290.199
2023-09-30 22:00:00;5158.056
2023-09-30 23:00:00;4781.104
2023-10-01 00:00:00;4603.783
2023-10-01 01:00:00;4355.012
2023-10-01 02:00:00;4287.005
2023-10-01 03:00:00;4179.441
2023-10-01 04:00:00;4152.248
2023-10-01 05:00:00;4304.01
2023-10-01 06:00:00;4586.527
2023-10-01 07:00:00;4859.186
2023-10-01 08:00:00;5130.798
2023-10-01 09:00:00;5307.859
2023-10-01 10:00:00;5319.204
2023-10-01 11:00:00;5295.126
2023-10-01 12:00:00;4999.479
2023-10-01 13:00:00;4779.341
2023-10-01 14:00:00;4656.667
2023-10-01 15:00:00;4699.362
2023-10-01 16:00:00;4949.361
2023-10-01 17:00:00;5352.641
2023-10-01 18:00:00;5769.219
2023-10-01 19:00:00;5972.999
2023-10-01 20:00:00;5701.293
2023-10-01 21:00:00;5293.656
2023-10-01 22:00:00;5218
2023-10-01 23:00:00;4942.294
2023-10-02 00:00:00;4816.406
2023-10-02 01:00:00;4655.388
2023-10-02 02:00:00;4597.931
2023-10-02 03:00:00;4508.796
2023-10-02 04:00:00;4678.869
2023-10-02 05:00:00;5335.862
2023-10-02 06:00:00;6622.284
2023-10-02 07:00:00;7424.848
2023-10-02 08:00:00;7501.703
2023-10-02 09:00:00;7287.495
2023-10-02 10:00:00;7095.326
2023-10-02 11:00:00;6960.222
2023-10-02 12:00:00;6711.628
2023-10-02 13:00:00;6645.181
2023-10-02 14:00:00;6659.57
2023-10-02 15:00:00;6734.963
2023-10-02 16:00:00;6972.969
2023-10-02 17:00:00;7291.961
2023-10-02 18:00:00;7580.616
2023-10-02 19:00:00;7516.476
2023-10-02 20:00:00;6919.769
2023-10-02 21:00:00;6258.952
2023-10-02 22:00:00;5916.217
2023-10-02 23:00:00;5445.191
2023-10-03 00:00:00;5271.091
2023-10-03 01:00:00;5064.529
2023-10-03 02:00:00;4986.203
2023-10-03 03:00:00;4965.54
2023-10-03 04:00:00;5065.364
2023-10-03 05:00:00;5678.298
2023-10-03 06:00:00;6923.49
2023-10-03 07:00:00;7570.67
2023-10-03 08:00:00;7664.377
2023-10-03 09:00:00;7425.203
2023-10-03 10:00:00;7257.873
2023-10-03 11:00:00;7139.125
2023-10-03 12:00:00;6823.763
2023-10-03 13:00:00;6816.342
2023-10-03 14:00:00;6811.929
2023-10-03 15:00:00;6928.621
2023-10-03 16:00:00;7160.654
2023-10-03 17:00:00;7474.96
2023-10-03 18:00:00;7603.622
2023-10-03 19:00:00;7580.015
2023-10-03 20:00:00;6984.335
2023-10-03 21:00:00;6420.004
2023-10-03 22:00:00;6051.081
2023-10-03 23:00:00;5708.803
2023-10-04 00:00:00;5496.651
2023-10-04 01:00:00;5201.913
2023-10-04 02:00:00;5082.339
2023-10-04 03:00:00;4973.772
2023-10-04 04:00:00;5034.32
2023-10-04 05:00:00;5663.605
2023-10-04 06:00:00;6806.753
2023-10-04 07:00:00;7467.162
2023-10-04 08:00:00;7568.928
2023-10-04 09:00:00;7547.284
2023-10-04 10:00:00;7615.289
2023-10-04 11:00:00;7604.784
2023-10-04 12:00:00;7314.673
2023-10-04 13:00:00;7190.358
2023-10-04 14:00:00;7075.83
2023-10-04 15:00:00;7047.718
2023-10-04 16:00:00;7074.735
2023-10-04 17:00:00;7287.443
2023-10-04 18:00:00;7597.315
2023-10-04 19:00:00;7535.974
2023-10-04 20:00:00;6948.688
2023-10-04 21:00:00;6357.062
2023-10-04 22:00:00;5975.117
2023-10-04 23:00:00;5534.771
2023-10-05 00:00:00;5269.304
2023-10-05 01:00:00;5035.911
2023-10-05 02:00:00;4965.056
2023-10-05 03:00:00;4889.613
2023-10-05 04:00:00;4986.735
2023-10-05 05:00:00;5620.106
2023-10-05 06:00:00;6831.885
2023-10-05 07:00:00;7530.617
2023-10-05 08:00:00;7628.837
2023-10-05 09:00:00;7491.385
2023-10-05 10:00:00;7351.551
2023-10-05 11:00:00;7116.797
2023-10-05 12:00:00;6753.848
2023-10-05 13:00:00;6695.215
2023-10-05 14:00:00;6764.383
2023-10-05 15:00:00;7006.585
2023-10-05 16:00:00;7251.769
2023-10-05 17:00:00;7428.676
2023-10-05 18:00:00;7579.183
2023-10-05 19:00:00;7444.759
2023-10-05 20:00:00;6886.518
2023-10-05 21:00:00;6316.192
2023-10-05 22:00:00;6029.678
2023-10-05 23:00:00;5559.923
2023-10-06 00:00:00;5364.456
2023-10-06 01:00:00;5164.612
2023-10-06 02:00:00;5016.105
2023-10-06 03:00:00;4928.661
2023-10-06 04:00:00;5061.874
2023-10-06 05:00:00;5652.583
2023-10-06 06:00:00;6786.649
2023-10-06 07:00:00;7539.786
2023-10-06 08:00:00;7585.24
2023-10-06 09:00:00;7342.144
2023-10-06 10:00:00;7082.294
2023-10-06 11:00:00;6908.928
2023-10-06 12:00:00;6508.59
2023-10-06 13:00:00;6325.519
2023-10-06 14:00:00;6238.135
2023-10-06 15:00:00;6431.081
2023-10-06 16:00:00;6740.906
2023-10-06 17:00:00;7050.206
2023-10-06 18:00:00;7317.415
2023-10-06 19:00:00;7200.344
2023-10-06 20:00:00;6593.403
2023-10-06 21:00:00;6055.575
2023-10-06 22:00:00;5788.278
2023-10-06 23:00:00;5386.691
2023-10-07 00:00:00;5211.298
2023-10-07 01:00:00;4993.746
2023-10-07 02:00:00;4898.532
2023-10-07 03:00:00;4778.754
2023-10-07 04:00:00;4770.545
2023-10-07 05:00:00;4963.159
2023-10-07 06:00:00;5357.726
2023-10-07 07:00:00;5713.749
2023-10-07 08:00:00;5959.098
2023-10-07 09:00:00;6039.148
2023-10-07 10:00:00;5960.708
2023-10-07 11:00:00;5843.595
2023-10-07 12:00:00;5524.792
2023-10-07 13:00:00;5256.249
2023-10-07 14:00:00;5332.58
2023-10-07 15:00:00;5784.329
2023-10-07 16:00:00;6152.05
2023-10-07 17:00:00;6260.429
2023-10-07 18:00:00;6294.073
2023-10-07 19:00:00;6154.317
2023-10-07 20:00:00;5806.687
2023-10-07 21:00:00;5448.857
2023-10-07 22:00:00;5330.183
2023-10-07 23:00:00;5002.112
2023-10-08 00:00:00;4748.136
2023-10-08 01:00:00;4525.196
2023-10-08 02:00:00;4404.494
2023-10-08 03:00:00;4307.77
2023-10-08 04:00:00;4284.801
2023-10-08 05:00:00;4419.184
2023-10-08 06:00:00;4663.704
2023-10-08 07:00:00;4959.369
2023-10-08 08:00:00;5197.332
2023-10-08 09:00:00;5574.254
2023-10-08 10:00:00;6000.568
2023-10-08 11:00:00;6243.499
2023-10-08 12:00:00;6162.077
2023-10-08 13:00:00;5956.381
2023-10-08 14:00:00;5781.904
2023-10-08 15:00:00;5713.503
2023-10-08 16:00:00;5675.569
2023-10-08 17:00:00;5835.574
2023-10-08 18:00:00;6149.272
2023-10-08 19:00:00;6131.006
2023-10-08 20:00:00;5784.38
2023-10-08 21:00:00;5383.043
2023-10-08 22:00:00;5335.419
2023-10-08 23:00:00;4998.513
2023-10-09 00:00:00;4817.882
2023-10-09 01:00:00;4618.352
2023-10-09 02:00:00;4532.627
2023-10-09 03:00:00;4479.276
2023-10-09 04:00:00;4697.633
2023-10-09 05:00:00;5423.125
2023-10-09 06:00:00;6761.938
2023-10-09 07:00:00;7556.893
2023-10-09 08:00:00;7669.543
2023-10-09 09:00:00;7524.08
2023-10-09 10:00:00;7467.362
2023-10-09 11:00:00;7495.032
2023-10-09 12:00:00;7168.456
2023-10-09 13:00:00;7321.571
2023-10-09 14:00:00;7375.193
2023-10-09 15:00:00;7563.795
2023-10-09 16:00:00;7700.01
2023-10-09 17:00:00;7744.213
2023-10-09 18:00:00;7785.071
2023-10-09 19:00:00;7511.688
2023-10-09 20:00:00;6965.26
2023-10-09 21:00:00;6358.506
2023-10-09 22:00:00;6026.391
2023-10-09 23:00:00;5580.487
2023-10-10 00:00:00;5326.096
2023-10-10 01:00:00;5090.234
2023-10-10 02:00:00;4992.682
2023-10-10 03:00:00;4929.17
2023-10-10 04:00:00;5060.832
2023-10-10 05:00:00;5752.295
2023-10-10 06:00:00;7051.667
2023-10-10 07:00:00;7807.759
2023-10-10 08:00:00;7991.765
2023-10-10 09:00:00;8005.695
2023-10-10 10:00:00;7975.99
2023-10-10 11:00:00;7872.367
2023-10-10 12:00:00;7508.796
2023-10-10 13:00:00;7370.879
2023-10-10 14:00:00;7306.16
2023-10-10 15:00:00;7326.783
2023-10-10 16:00:00;7345.873
2023-10-10 17:00:00;7488.882
2023-10-10 18:00:00;7775.218
2023-10-10 19:00:00;7672.202
2023-10-10 20:00:00;7093.66
2023-10-10 21:00:00;6503.08
2023-10-10 22:00:00;6164.559
2023-10-10 23:00:00;5677.403
2023-10-11 00:00:00;5473.08
2023-10-11 01:00:00;5207.976
2023-10-11 02:00:00;5086.379
2023-10-11 03:00:00;5017.846
2023-10-11 04:00:00;5126.953
2023-10-11 05:00:00;5689.939
2023-10-11 06:00:00;7000.457
2023-10-11 07:00:00;7744.996
2023-10-11 08:00:00;7865.943
2023-10-11 09:00:00;7583.814
2023-10-11 10:00:00;7335.017
2023-10-11 11:00:00;7158.078
2023-10-11 12:00:00;6861.035
2023-10-11 13:00:00;6776.588
2023-10-11 14:00:00;6789.35
2023-10-11 15:00:00;6891.138
2023-10-11 16:00:00;7128.969
2023-10-11 17:00:00;7524.089
2023-10-11 18:00:00;7856.386
2023-10-11 19:00:00;7720.664
2023-10-11 20:00:00;7195.829
2023-10-11 21:00:00;6585.758
2023-10-11 22:00:00;6181.963
2023-10-11 23:00:00;5744.172
2023-10-12 00:00:00;5513.89
2023-10-12 01:00:00;5194.829
2023-10-12 02:00:00;5111.266
2023-10-12 03:00:00;5034.479
2023-10-12 04:00:00;5142.514
2023-10-12 05:00:00;5781.073
2023-10-12 06:00:00;6962.006
2023-10-12 07:00:00;7637.228
2023-10-12 08:00:00;7796.186
2023-10-12 09:00:00;7688.779
2023-10-12 10:00:00;7540.516
2023-10-12 11:00:00;7317.51
2023-10-12 12:00:00;6946.484
2023-10-12 13:00:00;6847.179
2023-10-12 14:00:00;6902.55
2023-10-12 15:00:00;7121.676
2023-10-12 16:00:00;7350.097
2023-10-12 17:00:00;7596.616
2023-10-12 18:00:00;7815.696
2023-10-12 19:00:00;7635.257
2023-10-12 20:00:00;7037.094
2023-10-12 21:00:00;6440.313
2023-10-12 22:00:00;6131.055
2023-10-12 23:00:00;5657.747
2023-10-13 00:00:00;5424.16
2023-10-13 01:00:00;5156.023
2023-10-13 02:00:00;5054.741
2023-10-13 03:00:00;5003.059
2023-10-13 04:00:00;5086.192
2023-10-13 05:00:00;5818.572
2023-10-13 06:00:00;7033.796
2023-10-13 07:00:00;7761.475
2023-10-13 08:00:00;7930.005
2023-10-13 09:00:00;7676.338
2023-10-13 10:00:00;7447.589
2023-10-13 11:00:00;7228.578
2023-10-13 12:00:00;6860.026
2023-10-13 13:00:00;6674.863
2023-10-13 14:00:00;6583.86
2023-10-13 15:00:00;6666.922
2023-10-13 16:00:00;6848.107
2023-10-13 17:00:00;7213.885
2023-10-13 18:00:00;7464.035
2023-10-13 19:00:00;7265.416
2023-10-13 20:00:00;6677.517
2023-10-13 21:00:00;6129.341
2023-10-13 22:00:00;5876.902
2023-10-13 23:00:00;5550.629
2023-10-14 00:00:00;5368.551
2023-10-14 01:00:00;5099.432
2023-10-14 02:00:00;4974.411
2023-10-14 03:00:00;4855.136
2023-10-14 04:00:00;4810.856
2023-10-14 05:00:00;5027.393
2023-10-14 06:00:00;5391.136
2023-10-14 07:00:00;5787.055
2023-10-14 08:00:00;5982.912
2023-10-14 09:00:00;6070.776
2023-10-14 10:00:00;6008.955
2023-10-14 11:00:00;5975.876
2023-10-14 12:00:00;5749.033
2023-10-14 13:00:00;5681.18
2023-10-14 14:00:00;5728.507
2023-10-14 15:00:00;5848.655
2023-10-14 16:00:00;6047.709
2023-10-14 17:00:00;6267.462
2023-10-14 18:00:00;6399.061
2023-10-14 19:00:00;6217.139
2023-10-14 20:00:00;5838.62
2023-10-14 21:00:00;5508.287
2023-10-14 22:00:00;5333.544
2023-10-14 23:00:00;5026.16
2023-10-15 00:00:00;4886.391
2023-10-15 01:00:00;4649.215
2023-10-15 02:00:00;4522.737
2023-10-15 03:00:00;4359.99
2023-10-15 04:00:00;4354.291
2023-10-15 05:00:00;4499.435
2023-10-15 06:00:00;4805.222
2023-10-15 07:00:00;5135.246
2023-10-15 08:00:00;5448.07
2023-10-15 09:00:00;5796.726
2023-10-15 10:00:00;6036.754
2023-10-15 11:00:00;6236.689
2023-10-15 12:00:00;6064.934
2023-10-15 13:00:00;6032.842
2023-10-15 14:00:00;5912.177
2023-10-15 15:00:00;5855.25
2023-10-15 16:00:00;5909.709
2023-10-15 17:00:00;6144.952
2023-10-15 18:00:00;6391.431
2023-10-15 19:00:00;6369.262
2023-10-15 20:00:00;6007.128
2023-10-15 21:00:00;5681.934
2023-10-15 22:00:00;5672.441
2023-10-15 23:00:00;5413.231
2023-10-16 00:00:00;5269.814
2023-10-16 01:00:00;5063.289
2023-10-16 02:00:00;5051.777
2023-10-16 03:00:00;4956.283
2023-10-16 04:00:00;5099.707
2023-10-16 05:00:00;5779.298
2023-10-16 06:00:00;6992.82
2023-10-16 07:00:00;7881.037
2023-10-16 08:00:00;8051.204
2023-10-16 09:00:00;7837.408
2023-10-16 10:00:00;7659.839
2023-10-16 11:00:00;7442.515
2023-10-16 12:00:00;7014.413
2023-10-16 13:00:00;6787.226
2023-10-16 14:00:00;6705.634
2023-10-16 15:00:00;6815.159
2023-10-16 16:00:00;7077.146
2023-10-16 17:00:00;7597.86
2023-10-16 18:00:00;8019.419
2023-10-16 19:00:00;7839.669
2023-10-16 20:00:00;7290.653
2023-10-16 21:00:00;6728.182
2023-10-16 22:00:00;6390.218
2023-10-16 23:00:00;5941.44
2023-10-17 00:00:00;5673.695
2023-10-17 01:00:00;5406.359
2023-10-17 02:00:00;5331.982
2023-10-17 03:00:00;5264.527
2023-10-17 04:00:00;5363.245
2023-10-17 05:00:00;6067.569
2023-10-17 06:00:00;7376.502
2023-10-17 07:00:00;8233.288
2023-10-17 08:00:00;8215.152
2023-10-17 09:00:00;7875.344
2023-10-17 10:00:00;7565.325
2023-10-17 11:00:00;7391.226
2023-10-17 12:00:00;7175.646
2023-10-17 13:00:00;7236.97
2023-10-17 14:00:00;7273.067
2023-10-17 15:00:00;7393.853
2023-10-17 16:00:00;7571.924
2023-10-17 17:00:00;7778.369
2023-10-17 18:00:00;8142.895
2023-10-17 19:00:00;7879.317
2023-10-17 20:00:00;7310.092
2023-10-17 21:00:00;6729.272
2023-10-17 22:00:00;6433.633
2023-10-17 23:00:00;6004.476
2023-10-18 00:00:00;5782.506
2023-10-18 01:00:00;5525.844
2023-10-18 02:00:00;5459.93
2023-10-18 03:00:00;5364.414
2023-10-18 04:00:00;5507.456
2023-10-18 05:00:00;6183.391
2023-10-18 06:00:00;7521.15
2023-10-18 07:00:00;8334.834
2023-10-18 08:00:00;8388.605
2023-10-18 09:00:00;8123.134
2023-10-18 10:00:00;7943.385
2023-10-18 11:00:00;7677.694
2023-10-18 12:00:00;7412.964
2023-10-18 13:00:00;7393.281
2023-10-18 14:00:00;7376.826
2023-10-18 15:00:00;7585.801
2023-10-18 16:00:00;7667.683
2023-10-18 17:00:00;7887.626
2023-10-18 18:00:00;8163.563
2023-10-18 19:00:00;7852.449
2023-10-18 20:00:00;7283.318
2023-10-18 21:00:00;6699.128
2023-10-18 22:00:00;6404.687
2023-10-18 23:00:00;6040.173
2023-10-19 00:00:00;5722.682
2023-10-19 01:00:00;5503.475
2023-10-19 02:00:00;5401.406
2023-10-19 03:00:00;5333.269
2023-10-19 04:00:00;5474.473
2023-10-19 05:00:00;6122.536
2023-10-19 06:00:00;7377.677
2023-10-19 07:00:00;8154.93
2023-10-19 08:00:00;8356.264
2023-10-19 09:00:00;8244.218
2023-10-19 10:00:00;8200.838
2023-10-19 11:00:00;8157.028
2023-10-19 12:00:00;7922.93
2023-10-19 13:00:00;7683.269
2023-10-19 14:00:00;7464.068
2023-10-19 15:00:00;7354.925
2023-10-19 16:00:00;7480.08
2023-10-19 17:00:00;7848.978
2023-10-19 18:00:00;8143.357
2023-10-19 19:00:00;7915.874
2023-10-19 20:00:00;7301.331
2023-10-19 21:00:00;6717.877
2023-10-19 22:00:00;6416.741
2023-10-19 23:00:00;5975.179
2023-10-20 00:00:00;5691.379
2023-10-20 01:00:00;5393.743
2023-10-20 02:00:00;5331.694
2023-10-20 03:00:00;5242.104
2023-10-20 04:00:00;5352.01
2023-10-20 05:00:00;5941.232
2023-10-20 06:00:00;7137.962
2023-10-20 07:00:00;7942.017
2023-10-20 08:00:00;8263.202
2023-10-20 09:00:00;8306.192
2023-10-20 10:00:00;8363.125
2023-10-20 11:00:00;8356.916
2023-10-20 12:00:00;8030.865
2023-10-20 13:00:00;7739.634
2023-10-20 14:00:00;7372.85
2023-10-20 15:00:00;7309.07
2023-10-20 16:00:00;7319.62
2023-10-20 17:00:00;7456.643
2023-10-20 18:00:00;7601.075
2023-10-20 19:00:00;7342.324
2023-10-20 20:00:00;6791.272
2023-10-20 21:00:00;6215.107
2023-10-20 22:00:00;5996.727
2023-10-20 23:00:00;5610.406
2023-10-21 00:00:00;5324.983
2023-10-21 01:00:00;5041.745
2023-10-21 02:00:00;4879.577
2023-10-21 03:00:00;4771.122
2023-10-21 04:00:00;4786.443
2023-10-21 05:00:00;5018.624
2023-10-21 06:00:00;5474.367
2023-10-21 07:00:00;5951.854
2023-10-21 08:00:00;6237.562
2023-10-21 09:00:00;6317.945
2023-10-21 10:00:00;6195.334
2023-10-21 11:00:00;6190.791
2023-10-21 12:00:00;5997.464
2023-10-21 13:00:00;5795.169
2023-10-21 14:00:00;5756.17
2023-10-21 15:00:00;5960.052
2023-10-21 16:00:00;6071.696
2023-10-21 17:00:00;6318.635
2023-10-21 18:00:00;6515.702
2023-10-21 19:00:00;6316.786
2023-10-21 20:00:00;5944.729
2023-10-21 21:00:00;5560.901
2023-10-21 22:00:00;5474.007
2023-10-21 23:00:00;5104.171
2023-10-22 00:00:00;4908.255
2023-10-22 01:00:00;4639.276
2023-10-22 02:00:00;4546.7
2023-10-22 03:00:00;4423.991
2023-10-22 04:00:00;4451.713
2023-10-22 05:00:00;4614.637
2023-10-22 06:00:00;4905.77
2023-10-22 07:00:00;5313.136
2023-10-22 08:00:00;5637.895
2023-10-22 09:00:00;5872.508
2023-10-22 10:00:00;6020.712
2023-10-22 11:00:00;6060.273
2023-10-22 12:00:00;5675.871
2023-10-22 13:00:00;5284.127
2023-10-22 14:00:00;5175.763
2023-10-22 15:00:00;5170.872
2023-10-22 16:00:00;5464.144
2023-10-22 17:00:00;5857.023
2023-10-22 18:00:00;6296.926
2023-10-22 19:00:00;6229.411
2023-10-22 20:00:00;5940.186
2023-10-22 21:00:00;5580.126
2023-10-22 22:00:00;5555.602
2023-10-22 23:00:00;5251.769
2023-10-23 00:00:00;5053.99
2023-10-23 01:00:00;4868.288
2023-10-23 02:00:00;4804.689
2023-10-23 03:00:00;4764.658
2023-10-23 04:00:00;4976.115
2023-10-23 05:00:00;5724.371
2023-10-23 06:00:00;7074.123
2023-10-23 07:00:00;8060.795
2023-10-23 08:00:00;8239.549
2023-10-23 09:00:00;7867.965
2023-10-23 10:00:00;7609.275
2023-10-23 11:00:00;7390.68
2023-10-23 12:00:00;6992.59
2023-10-23 13:00:00;7019.12
2023-10-23 14:00:00;7031.167
2023-10-23 15:00:00;7185.205
2023-10-23 16:00:00;7370.453
2023-10-23 17:00:00;7799.507
2023-10-23 18:00:00;8065.043
2023-10-23 19:00:00;7705.956
2023-10-23 20:00:00;7075.254
2023-10-23 21:00:00;6480.963
2023-10-23 22:00:00;6178.538
2023-10-23 23:00:00;5715.19
2023-10-24 00:00:00;5436.521
2023-10-24 01:00:00;5223.905
2023-10-24 02:00:00;5113.068
2023-10-24 03:00:00;5014.101
2023-10-24 04:00:00;5141.242
2023-10-24 05:00:00;5824.699
2023-10-24 06:00:00;7044.176
2023-10-24 07:00:00;7886.01
2023-10-24 08:00:00;8179.172
2023-10-24 09:00:00;8179.661
2023-10-24 10:00:00;8331.03
2023-10-24 11:00:00;8486.055
2023-10-24 12:00:00;8377.273
2023-10-24 13:00:00;8322.155
2023-10-24 14:00:00;8130.147
2023-10-24 15:00:00;8091.843
2023-10-24 16:00:00;7913.625
2023-10-24 17:00:00;7984.817
2023-10-24 18:00:00;8021.95
2023-10-24 19:00:00;7675.911
2023-10-24 20:00:00;7168.053
2023-10-24 21:00:00;6621.396
2023-10-24 22:00:00;6313.113
2023-10-24 23:00:00;5856.924
2023-10-25 00:00:00;5615.615
2023-10-25 01:00:00;5399.161
2023-10-25 02:00:00;5305.073
2023-10-25 03:00:00;5207.405
2023-10-25 04:00:00;5366.34
2023-10-25 05:00:00;6026.398
2023-10-25 06:00:00;7214.358
2023-10-25 07:00:00;8058.792
2023-10-25 08:00:00;8381.104
2023-10-25 09:00:00;8311.552
2023-10-25 10:00:00;8149.907
2023-10-25 11:00:00;7897.549
2023-10-25 12:00:00;7531.934
2023-10-25 13:00:00;7292.333
2023-10-25 14:00:00;7081.892
2023-10-25 15:00:00;7148.763
2023-10-25 16:00:00;7313.358
2023-10-25 17:00:00;7569.819
2023-10-25 18:00:00;7826.026
2023-10-25 19:00:00;7543.54
2023-10-25 20:00:00;6972.69
2023-10-25 21:00:00;6459.135
2023-10-25 22:00:00;6147.033
2023-10-25 23:00:00;5664.438
2023-10-26 00:00:00;5330.825
2023-10-26 01:00:00;5059.664
2023-10-26 02:00:00;4912.745
2023-10-26 03:00:00;4763.306
2023-10-26 04:00:00;4721.378
2023-10-26 05:00:00;4878.591
2023-10-26 06:00:00;5141.368
2023-10-26 07:00:00;5540.702
2023-10-26 08:00:00;5850.055
2023-10-26 09:00:00;5912.308
2023-10-26 10:00:00;5932
2023-10-26 11:00:00;5979.319
2023-10-26 12:00:00;5790.178
2023-10-26 13:00:00;5865.488
2023-10-26 14:00:00;5905.176
2023-10-26 15:00:00;5847.253
2023-10-26 16:00:00;5899.514
2023-10-26 17:00:00;6186.725
2023-10-26 18:00:00;6478.986
2023-10-26 19:00:00;6338.642
2023-10-26 20:00:00;5973.334
2023-10-26 21:00:00;5601.791
2023-10-26 22:00:00;5545.309
2023-10-26 23:00:00;5172.385
2023-10-27 00:00:00;4933.772
2023-10-27 01:00:00;4724.53
2023-10-27 02:00:00;4627.992
2023-10-27 03:00:00;4544.434
2023-10-27 04:00:00;4683.852
2023-10-27 05:00:00;5187.491
2023-10-27 06:00:00;6089.962
2023-10-27 07:00:00;6858.585
2023-10-27 08:00:00;7392.833
2023-10-27 09:00:00;7753.707
2023-10-27 10:00:00;7860.702
2023-10-27 11:00:00;7874.6
2023-10-27 12:00:00;7423.505
2023-10-27 13:00:00;6943.049
2023-10-27 14:00:00;6559.23
2023-10-27 15:00:00;6531.001
2023-10-27 16:00:00;6629.708
2023-10-27 17:00:00;6928.919
2023-10-27 18:00:00;7172.932
2023-10-27 19:00:00;6882.419
2023-10-27 20:00:00;6459.337
2023-10-27 21:00:00;5983.962
2023-10-27 22:00:00;5798.673
2023-10-27 23:00:00;5404.712
2023-10-28 00:00:00;5155.51
2023-10-28 01:00:00;4936.017
2023-10-28 02:00:00;4808.428
2023-10-28 03:00:00;4703.013
2023-10-28 04:00:00;4738.617
2023-10-28 05:00:00;5025.267
2023-10-28 06:00:00;5427.418
2023-10-28 07:00:00;5890.092
2023-10-28 08:00:00;6223.797
2023-10-28 09:00:00;6369.505
2023-10-28 10:00:00;6325.075
2023-10-28 11:00:00;6160.057
2023-10-28 12:00:00;5781.101
2023-10-28 13:00:00;5424.085
2023-10-28 14:00:00;5296.374
2023-10-28 15:00:00;5393.694
2023-10-28 16:00:00;5734.602
2023-10-28 17:00:00;6283.724
2023-10-28 18:00:00;6532.181
2023-10-28 19:00:00;6219.043
2023-10-28 20:00:00;5879.365
2023-10-28 21:00:00;5516.082
2023-10-28 22:00:00;5479.148
2023-10-28 23:00:00;5112.269
2023-10-29 00:00:00;4919.143
2023-10-29 01:00:00;4703.247
2023-10-29 02:00:00;4553.8506
2023-10-29 03:00:00;4479.725
2023-10-29 04:00:00;4511.397
2023-10-29 05:00:00;4745.763
2023-10-29 06:00:00;5149.259
2023-10-29 07:00:00;5411.878
2023-10-29 08:00:00;5515.613
2023-10-29 09:00:00;5508.273
2023-10-29 10:00:00;5516.665
2023-10-29 11:00:00;5653.319
2023-10-29 12:00:00;5535.478
2023-10-29 13:00:00;5513.732
2023-10-29 14:00:00;5471.068
2023-10-29 15:00:00;5598.441
2023-10-29 16:00:00;5890.241
2023-10-29 17:00:00;6319.371
2023-10-29 18:00:00;6251.692
2023-10-29 19:00:00;6071.436
2023-10-29 20:00:00;5801.542
2023-10-29 21:00:00;5522.577
2023-10-29 22:00:00;5551.856
2023-10-29 23:00:00;5232.245
2023-10-30 00:00:00;5051.681
2023-10-30 01:00:00;4888.882
2023-10-30 02:00:00;4824.095
2023-10-30 03:00:00;4794.338
2023-10-30 04:00:00;5029.105
2023-10-30 05:00:00;5704.559
2023-10-30 06:00:00;6885.435
2023-10-30 07:00:00;7643.391
2023-10-30 08:00:00;7915.415
2023-10-30 09:00:00;7781.508
2023-10-30 10:00:00;7677.116
2023-10-30 11:00:00;7573.786
2023-10-30 12:00:00;7499.289
2023-10-30 13:00:00;7771.414
2023-10-30 14:00:00;7904.113
2023-10-30 15:00:00;7979.928
2023-10-30 16:00:00;8001.253
2023-10-30 17:00:00;8137.04
2023-10-30 18:00:00;7957.556
2023-10-30 19:00:00;7527.604
2023-10-30 20:00:00;6981.07
2023-10-30 21:00:00;6466.663
2023-10-30 22:00:00;6204.286
2023-10-30 23:00:00;5760.033
2023-10-31 00:00:00;5500.497
2023-10-31 01:00:00;5236.742
2023-10-31 02:00:00;5201.054
2023-10-31 03:00:00;5127.058
2023-10-31 04:00:00;5200.604
2023-10-31 05:00:00;5796.058
2023-10-31 06:00:00;6938.678
2023-10-31 07:00:00;7742.986
2023-10-31 08:00:00;8247.064
2023-10-31 09:00:00;8453.234
2023-10-31 10:00:00;8732.742
2023-10-31 11:00:00;8969.197
2023-10-31 12:00:00;8694.096
2023-10-31 13:00:00;8423.124
2023-10-31 14:00:00;8229.712
2023-10-31 15:00:00;8125.587
2023-10-31 16:00:00;8104.668
2023-10-31 17:00:00;8158.689
2023-10-31 18:00:00;7921.327
2023-10-31 19:00:00;7525.06
2023-10-31 20:00:00;7042.042
2023-10-31 21:00:00;6532.431
2023-10-31 22:00:00;6264.171
2023-10-31 23:00:00;5836.043
2023-11-01 00:00:00;5522.321
2023-11-01 01:00:00;5219.655
2023-11-01 02:00:00;5128.596
2023-11-01 03:00:00;4995.464
2023-11-01 04:00:00;5033.436
2023-11-01 05:00:00;5228.187
2023-11-01 06:00:00;5437.172
2023-11-01 07:00:00;5562.675
2023-11-01 08:00:00;5591.438
2023-11-01 09:00:00;5614.99
2023-11-01 10:00:00;5623.112
2023-11-01 11:00:00;5678.835
2023-11-01 12:00:00;5522.783
2023-11-01 13:00:00;5492.79
2023-11-01 14:00:00;5579.963
2023-11-01 15:00:00;5856.789
2023-11-01 16:00:00;6246.912
2023-11-01 17:00:00;6628.35
2023-11-01 18:00:00;6642.164
2023-11-01 19:00:00;6422.442
2023-11-01 20:00:00;6166.419
2023-11-01 21:00:00;5869.461
2023-11-01 22:00:00;5823.078
2023-11-01 23:00:00;5453.705
2023-11-02 00:00:00;5341.24
2023-11-02 01:00:00;5084.883
2023-11-02 02:00:00;5004.183
2023-11-02 03:00:00;4974.755
2023-11-02 04:00:00;5194.452
2023-11-02 05:00:00;5926.736
2023-11-02 06:00:00;7068.936
2023-11-02 07:00:00;7547.737
2023-11-02 08:00:00;7601.862
2023-11-02 09:00:00;7432.146
2023-11-02 10:00:00;7415.85
2023-11-02 11:00:00;7533.321
2023-11-02 12:00:00;7500.065
2023-11-02 13:00:00;7786.404
2023-11-02 14:00:00;7890.138
2023-11-02 15:00:00;7960.075
2023-11-02 16:00:00;8039.127
2023-11-02 17:00:00;8175.877
2023-11-02 18:00:00;7966.495
2023-11-02 19:00:00;7568.671
2023-11-02 20:00:00;7122.74
2023-11-02 21:00:00;6642.357
2023-11-02 22:00:00;6433.035
2023-11-02 23:00:00;5969.898
2023-11-03 00:00:00;5669.863
2023-11-03 01:00:00;5399.115
2023-11-03 02:00:00;5338.951
2023-11-03 03:00:00;5269.266
2023-11-03 04:00:00;5435.583
2023-11-03 05:00:00;6135.713
2023-11-03 06:00:00;7098.978
2023-11-03 07:00:00;7853.259
2023-11-03 08:00:00;8289.762
2023-11-03 09:00:00;8446.949
2023-11-03 10:00:00;8628.385
2023-11-03 11:00:00;8663.932
2023-11-03 12:00:00;8357.892
2023-11-03 13:00:00;8049.449
2023-11-03 14:00:00;7884.233
2023-11-03 15:00:00;7924.412
2023-11-03 16:00:00;8062.957
2023-11-03 17:00:00;8298.934
2023-11-03 18:00:00;8062.002
2023-11-03 19:00:00;7667.44
2023-11-03 20:00:00;7155.846
2023-11-03 21:00:00;6605.485
2023-11-03 22:00:00;6356.001
2023-11-03 23:00:00;5912.472
2023-11-04 00:00:00;5658.294
2023-11-04 01:00:00;5410.71
2023-11-04 02:00:00;5264.055
2023-11-04 03:00:00;5172.281
2023-11-04 04:00:00;5216.025
2023-11-04 05:00:00;5506.823
2023-11-04 06:00:00;5886.908
2023-11-04 07:00:00;6106.681
2023-11-04 08:00:00;6184.343
2023-11-04 09:00:00;6163.291
2023-11-04 10:00:00;6122.718
2023-11-04 11:00:00;6074.832
2023-11-04 12:00:00;5969.716
2023-11-04 13:00:00;5858.792
2023-11-04 14:00:00;5903.759
2023-11-04 15:00:00;6244.601
2023-11-04 16:00:00;6604.701
2023-11-04 17:00:00;6988.281
2023-11-04 18:00:00;6796.183
2023-11-04 19:00:00;6421.441
2023-11-04 20:00:00;6124.227
2023-11-04 21:00:00;5764.432
2023-11-04 22:00:00;5698.628
2023-11-04 23:00:00;5333.556
2023-11-05 00:00:00;5054.6
2023-11-05 01:00:00;4821.147
2023-11-05 02:00:00;4771.631
2023-11-05 03:00:00;4631.237
2023-11-05 04:00:00;4636.842
2023-11-05 05:00:00;4829.771
2023-11-05 06:00:00;5086.687
2023-11-05 07:00:00;5353.297
2023-11-05 08:00:00;5455.224
2023-11-05 09:00:00;5589.642
2023-11-05 10:00:00;5687.969
2023-11-05 11:00:00;5662.344
2023-11-05 12:00:00;5488.674
2023-11-05 13:00:00;5377.674
2023-11-05 14:00:00;5396.077
2023-11-05 15:00:00;5529.56
2023-11-05 16:00:00;5964.076
2023-11-05 17:00:00;6491.024
2023-11-05 18:00:00;6533.206
2023-11-05 19:00:00;6296.436
2023-11-05 20:00:00;5947.608
2023-11-05 21:00:00;5651.624
2023-11-05 22:00:00;5713.508
2023-11-05 23:00:00;5391.835
2023-11-06 00:00:00;5260.104
2023-11-06 01:00:00;5078.011
2023-11-06 02:00:00;5042.544
2023-11-06 03:00:00;4984.149
2023-11-06 04:00:00;5198.631
2023-11-06 05:00:00;5954.836
2023-11-06 06:00:00;7302.856
2023-11-06 07:00:00;7878.155
2023-11-06 08:00:00;7887.1
2023-11-06 09:00:00;7653.418
2023-11-06 10:00:00;7492.545
2023-11-06 11:00:00;7387.265
2023-11-06 12:00:00;7142.518
2023-11-06 13:00:00;7220.243
2023-11-06 14:00:00;7273.43
2023-11-06 15:00:00;7620.292
2023-11-06 16:00:00;8081.536
2023-11-06 17:00:00;8386.702
2023-11-06 18:00:00;8238.346
2023-11-06 19:00:00;7856.07
2023-11-06 20:00:00;7324.985
2023-11-06 21:00:00;6808.092
2023-11-06 22:00:00;6571.387
2023-11-06 23:00:00;6095.312
2023-11-07 00:00:00;5862.999
2023-11-07 01:00:00;5589.56
2023-11-07 02:00:00;5430.102
2023-11-07 03:00:00;5379.161
2023-11-07 04:00:00;5514.355
2023-11-07 05:00:00;6218.375
2023-11-07 06:00:00;7471.893
2023-11-07 07:00:00;7993.281
2023-11-07 08:00:00;7983.769
2023-11-07 09:00:00;7898.652
2023-11-07 10:00:00;7954.138
2023-11-07 11:00:00;7989.337
2023-11-07 12:00:00;7883.533
2023-11-07 13:00:00;7964.328
2023-11-07 14:00:00;7933.718
2023-11-07 15:00:00;8131.558
2023-11-07 16:00:00;8346.145
2023-11-07 17:00:00;8550.503
2023-11-07 18:00:00;8368.527
2023-11-07 19:00:00;7992.625
2023-11-07 20:00:00;7455.904
2023-11-07 21:00:00;6954.68
2023-11-07 22:00:00;6666.745
2023-11-07 23:00:00;6210.445
2023-11-08 00:00:00;5925.924
2023-11-08 01:00:00;5663.857
2023-11-08 02:00:00;5585.036
2023-11-08 03:00:00;5570.345
2023-11-08 04:00:00;5766.297
2023-11-08 05:00:00;6461.082
2023-11-08 06:00:00;7677.533
2023-11-08 07:00:00;8270.8
2023-11-08 08:00:00;8182.262
2023-11-08 09:00:00;7871.947
2023-11-08 10:00:00;7577.096
2023-11-08 11:00:00;7424.877
2023-11-08 12:00:00;7248.731
2023-11-08 13:00:00;7289.88
2023-11-08 14:00:00;7391.52
2023-11-08 15:00:00;7804.011
2023-11-08 16:00:00;8258.682
2023-11-08 17:00:00;8603.473
2023-11-08 18:00:00;8530.683
2023-11-08 19:00:00;8161.85
2023-11-08 20:00:00;7687.034
2023-11-08 21:00:00;7163.584
2023-11-08 22:00:00;6908.847
2023-11-08 23:00:00;6465.445
2023-11-09 00:00:00;6211.414
2023-11-09 01:00:00;6003.327
2023-11-09 02:00:00;5941.045
2023-11-09 03:00:00;5884.939
2023-11-09 04:00:00;6061.041
2023-11-09 05:00:00;6790.873
2023-11-09 06:00:00;8002.178
2023-11-09 07:00:00;8540.793
2023-11-09 08:00:00;8377.81
2023-11-09 09:00:00;8094.595
2023-11-09 10:00:00;7903.283
2023-11-09 11:00:00;7822.793
2023-11-09 12:00:00;7609.829
2023-11-09 13:00:00;7729.109
2023-11-09 14:00:00;7865.698
2023-11-09 15:00:00;8073.739
2023-11-09 16:00:00;8340.249
2023-11-09 17:00:00;8560.171
2023-11-09 18:00:00;8379.838
2023-11-09 19:00:00;8056.624
2023-11-09 20:00:00;7567.144
2023-11-09 21:00:00;7043.023
2023-11-09 22:00:00;6749.746
2023-11-09 23:00:00;6284.778
2023-11-10 00:00:00;5980.065
2023-11-10 01:00:00;5721.666
2023-11-10 02:00:00;5632.413
2023-11-10 03:00:00;5528.394
2023-11-10 04:00:00;5682.656
2023-11-10 05:00:00;6379.748
2023-11-10 06:00:00;7487.715
2023-11-10 07:00:00;8210.902
2023-11-10 08:00:00;8408.99
2023-11-10 09:00:00;8322.037
2023-11-10 10:00:00;8160.464
2023-11-10 11:00:00;8082.381
2023-11-10 12:00:00;7973.214
2023-11-10 13:00:00;8023.865
2023-11-10 14:00:00;7960.634
2023-11-10 15:00:00;7977.139
2023-11-10 16:00:00;8152.45
2023-11-10 17:00:00;8300.678
2023-11-10 18:00:00;8084.957
2023-11-10 19:00:00;7716.862
2023-11-10 20:00:00;7242.726
2023-11-10 21:00:00;6761.974
2023-11-10 22:00:00;6574.909
2023-11-10 23:00:00;6158.259
2023-11-11 00:00:00;5917.967
2023-11-11 01:00:00;5640.173
2023-11-11 02:00:00;5513.076
2023-11-11 03:00:00;5404.938
2023-11-11 04:00:00;5449.95
2023-11-11 05:00:00;5717.891
2023-11-11 06:00:00;6120.677
2023-11-11 07:00:00;6505.079
2023-11-11 08:00:00;6844.189
2023-11-11 09:00:00;6961.678
2023-11-11 10:00:00;6919.714
2023-11-11 11:00:00;6953.76
2023-11-11 12:00:00;6772.292
2023-11-11 13:00:00;6616.108
2023-11-11 14:00:00;6612.649
2023-11-11 15:00:00;6745.475
2023-11-11 16:00:00;7104.66
2023-11-11 17:00:00;7467.032
2023-11-11 18:00:00;7330.264
2023-11-11 19:00:00;7016.723
2023-11-11 20:00:00;6762.411
2023-11-11 21:00:00;6403.23
2023-11-11 22:00:00;6420.74
2023-11-11 23:00:00;6078.189
2023-11-12 00:00:00;5836.297
2023-11-12 01:00:00;5579.624
2023-11-12 02:00:00;5500.081
2023-11-12 03:00:00;5449.123
2023-11-12 04:00:00;5490.002
2023-11-12 05:00:00;5618.557
2023-11-12 06:00:00;5879.712
2023-11-12 07:00:00;6117.206
2023-11-12 08:00:00;6101.95
2023-11-12 09:00:00;6107.063
2023-11-12 10:00:00;6103.254
2023-11-12 11:00:00;6106.609
2023-11-12 12:00:00;5933.553
2023-11-12 13:00:00;5853.575
2023-11-12 14:00:00;5887.979
2023-11-12 15:00:00;6102.118
2023-11-12 16:00:00;6488.204
2023-11-12 17:00:00;6920.493
2023-11-12 18:00:00;6921.182
2023-11-12 19:00:00;6707.375
2023-11-12 20:00:00;6423.861
2023-11-12 21:00:00;6091.303
2023-11-12 22:00:00;6104.953
2023-11-12 23:00:00;5755.299
2023-11-13 00:00:00;5553.444
2023-11-13 01:00:00;5325.28
2023-11-13 02:00:00;5266.818
2023-11-13 03:00:00;5198.197
2023-11-13 04:00:00;5381.572
2023-11-13 05:00:00;6180.643
2023-11-13 06:00:00;7497.51
2023-11-13 07:00:00;8293.438
2023-11-13 08:00:00;8564.149
2023-11-13 09:00:00;8588.868
2023-11-13 10:00:00;8680.706
2023-11-13 11:00:00;8657.757
2023-11-13 12:00:00;8407.631
2023-11-13 13:00:00;8477.713
2023-11-13 14:00:00;8495.143
2023-11-13 15:00:00;8528.334
2023-11-13 16:00:00;8708.419
2023-11-13 17:00:00;8713.231
2023-11-13 18:00:00;8475.109
2023-11-13 19:00:00;8089.754
2023-11-13 20:00:00;7526.804
2023-11-13 21:00:00;6967.575
2023-11-13 22:00:00;6674.56
2023-11-13 23:00:00;6245.224
2023-11-14 00:00:00;5904.046
2023-11-14 01:00:00;5653.593
2023-11-14 02:00:00;5531.784
2023-11-14 03:00:00;5497.865
2023-11-14 04:00:00;5696.259
2023-11-14 05:00:00;6362.822
2023-11-14 06:00:00;7497.487
2023-11-14 07:00:00;8192.747
2023-11-14 08:00:00;8472.589
2023-11-14 09:00:00;8433.328
2023-11-14 10:00:00;8165.965
2023-11-14 11:00:00;7951.541
2023-11-14 12:00:00;7828.452
2023-11-14 13:00:00;8036.67
2023-11-14 14:00:00;8047.887
2023-11-14 15:00:00;8142.551
2023-11-14 16:00:00;8409.884
2023-11-14 17:00:00;8500.562
2023-11-14 18:00:00;8263.818
2023-11-14 19:00:00;7878.425
2023-11-14 20:00:00;7371.03
2023-11-14 21:00:00;6816.55
2023-11-14 22:00:00;6559.788
2023-11-14 23:00:00;6096.052
2023-11-15 00:00:00;5774.826
2023-11-15 01:00:00;5490.539
2023-11-15 02:00:00;5393.543
2023-11-15 03:00:00;5331.246
2023-11-15 04:00:00;5534.26
2023-11-15 05:00:00;6265.65
2023-11-15 06:00:00;7356.523
2023-11-15 07:00:00;8050.798
2023-11-15 08:00:00;8246.417
2023-11-15 09:00:00;8112.925
2023-11-15 10:00:00;7972.106
2023-11-15 11:00:00;7846.903
2023-11-15 12:00:00;7589.633
2023-11-15 13:00:00;7666.596
2023-11-15 14:00:00;7780.958
2023-11-15 15:00:00;8040.661
2023-11-15 16:00:00;8314.029
2023-11-15 17:00:00;8502.587
2023-11-15 18:00:00;8315.662
2023-11-15 19:00:00;7936.063
2023-11-15 20:00:00;7460.663
2023-11-15 21:00:00;6906.573
2023-11-15 22:00:00;6695.377
2023-11-15 23:00:00;6204.527
2023-11-16 00:00:00;5951.196
2023-11-16 01:00:00;5681.001
2023-11-16 02:00:00;5588.737
2023-11-16 03:00:00;5503.176
2023-11-16 04:00:00;5686.076
2023-11-16 05:00:00;6390.054
2023-11-16 06:00:00;7609.508
2023-11-16 07:00:00;8291.203
2023-11-16 08:00:00;8207.7
2023-11-16 09:00:00;7829.616
2023-11-16 10:00:00;7635.049
2023-11-16 11:00:00;7607.087
2023-11-16 12:00:00;7593.225
2023-11-16 13:00:00;7848.958
2023-11-16 14:00:00;8030.458
2023-11-16 15:00:00;8143.521
2023-11-16 16:00:00;8346.985
2023-11-16 17:00:00;8490.498
2023-11-16 18:00:00;8300.333
2023-11-16 19:00:00;7919.45
2023-11-16 20:00:00;7405.778
2023-11-16 21:00:00;6927.632
2023-11-16 22:00:00;6628.137
2023-11-16 23:00:00;6145.051
2023-11-17 00:00:00;5870.058
2023-11-17 01:00:00;5598.352
2023-11-17 02:00:00;5507.108
2023-11-17 03:00:00;5430.659
2023-11-17 04:00:00;5599.055
2023-11-17 05:00:00;6285.149
2023-11-17 06:00:00;7470.108
2023-11-17 07:00:00;8332.023
2023-11-17 08:00:00;8738.469
2023-11-17 09:00:00;8795.017
2023-11-17 10:00:00;8800.671
2023-11-17 11:00:00;8565.685
2023-11-17 12:00:00;8166.551
2023-11-17 13:00:00;8040.592
2023-11-17 14:00:00;8039.524
2023-11-17 15:00:00;8164.151
2023-11-17 16:00:00;8499.047
2023-11-17 17:00:00;8680.401
2023-11-17 18:00:00;8473.143
2023-11-17 19:00:00;8030.013
2023-11-17 20:00:00;7525.879
2023-11-17 21:00:00;7078.122
2023-11-17 22:00:00;6931.616
2023-11-17 23:00:00;6517.231
2023-11-18 00:00:00;6210.182
2023-11-18 01:00:00;5935.425
2023-11-18 02:00:00;5794.489
2023-11-18 03:00:00;5695.41
2023-11-18 04:00:00;5711.2
2023-11-18 05:00:00;5947.753
2023-11-18 06:00:00;6328.095
2023-11-18 07:00:00;6719.253
2023-11-18 08:00:00;6946.017
2023-11-18 09:00:00;7003.699
2023-11-18 10:00:00;6977.365
2023-11-18 11:00:00;7034.471
2023-11-18 12:00:00;6884.2
2023-11-18 13:00:00;6752.733
2023-11-18 14:00:00;6712.436
2023-11-18 15:00:00;6913.101
2023-11-18 16:00:00;7248.598
2023-11-18 17:00:00;7526.551
2023-11-18 18:00:00;7335.175
2023-11-18 19:00:00;7026.742
2023-11-18 20:00:00;6707.872
2023-11-18 21:00:00;6357.454
2023-11-18 22:00:00;6298.415
2023-11-18 23:00:00;5864.926
2023-11-19 00:00:00;5505.434
2023-11-19 01:00:00;5228.02
2023-11-19 02:00:00;5135.793
2023-11-19 03:00:00;5044.405
2023-11-19 04:00:00;5086.933
2023-11-19 05:00:00;5237.78
2023-11-19 06:00:00;5462.821
2023-11-19 07:00:00;5833.671
2023-11-19 08:00:00;6120.798
2023-11-19 09:00:00;6319.671
2023-11-19 10:00:00;6532.21
2023-11-19 11:00:00;6671.984
2023-11-19 12:00:00;6440.253
2023-11-19 13:00:00;6184.917
2023-11-19 14:00:00;6062.901
2023-11-19 15:00:00;6241.118
2023-11-19 16:00:00;6557.422
2023-11-19 17:00:00;6839.41
2023-11-19 18:00:00;6834.413
2023-11-19 19:00:00;6625.914
2023-11-19 20:00:00;6312.622
2023-11-19 21:00:00;5992.789
2023-11-19 22:00:00;6018.383
2023-11-19 23:00:00;5629.935
2023-11-20 00:00:00;5381.001
2023-11-20 01:00:00;5200.432
2023-11-20 02:00:00;5163.555
2023-11-20 03:00:00;5131.852
2023-11-20 04:00:00;5308.85
2023-11-20 05:00:00;6102.799
2023-11-20 06:00:00;7293.52
2023-11-20 07:00:00;8078.46
2023-11-20 08:00:00;8200.848
2023-11-20 09:00:00;8075.741
2023-11-20 10:00:00;7993.987
2023-11-20 11:00:00;7970.917
2023-11-20 12:00:00;7735.675
2023-11-20 13:00:00;7803.84
2023-11-20 14:00:00;7854.256
2023-11-20 15:00:00;8056.074
2023-11-20 16:00:00;8422.17
2023-11-20 17:00:00;8611.666
2023-11-20 18:00:00;8420.557
2023-11-20 19:00:00;8025.37
2023-11-20 20:00:00;7469.347
2023-11-20 21:00:00;6912.913
2023-11-20 22:00:00;6665.552
2023-11-20 23:00:00;6203.934
2023-11-21 00:00:00;5883.471
2023-11-21 01:00:00;5642.073
2023-11-21 02:00:00;5529.498
2023-11-21 03:00:00;5467.929
2023-11-21 04:00:00;5638.124
2023-11-21 05:00:00;6379.196
2023-11-21 06:00:00;7590.404
2023-11-21 07:00:00;8362.145
2023-11-21 08:00:00;8584.533
2023-11-21 09:00:00;8480.198
2023-11-21 10:00:00;8502.451
2023-11-21 11:00:00;8478.39
2023-11-21 12:00:00;8338.885
2023-11-21 13:00:00;8401.737
2023-11-21 14:00:00;8301.418
2023-11-21 15:00:00;8349.565
2023-11-21 16:00:00;8550.303
2023-11-21 17:00:00;8635.24
2023-11-21 18:00:00;8431.787
2023-11-21 19:00:00;8040.615
2023-11-21 20:00:00;7509.839
2023-11-21 21:00:00;7000.314
2023-11-21 22:00:00;6791.049
2023-11-21 23:00:00;6325.764
2023-11-22 00:00:00;6002.854
2023-11-22 01:00:00;5741.258
2023-11-22 02:00:00;5660.673
2023-11-22 03:00:00;5618.546
2023-11-22 04:00:00;5782.187
2023-11-22 05:00:00;6495.176
2023-11-22 06:00:00;7707.249
2023-11-22 07:00:00;8509.326
2023-11-22 08:00:00;8791.044
2023-11-22 09:00:00;8708.993
2023-11-22 10:00:00;8641.806
2023-11-22 11:00:00;8575.244
2023-11-22 12:00:00;8372.953
2023-11-22 13:00:00;8438.891
2023-11-22 14:00:00;8504.55
2023-11-22 15:00:00;8673.735
2023-11-22 16:00:00;8885.352
2023-11-22 17:00:00;9043.625
2023-11-22 18:00:00;8893.109
2023-11-22 19:00:00;8523.046
2023-11-22 20:00:00;8011.816
2023-11-22 21:00:00;7554.26
2023-11-22 22:00:00;7318.618
2023-11-22 23:00:00;6843.466
2023-11-23 00:00:00;6572.218
2023-11-23 01:00:00;6349.463
2023-11-23 02:00:00;6286.96
2023-11-23 03:00:00;6210.805
2023-11-23 04:00:00;6397.154
2023-11-23 05:00:00;7116.375
2023-11-23 06:00:00;8275.382
2023-11-23 07:00:00;9083.649
2023-11-23 08:00:00;9272.407
2023-11-23 09:00:00;8895.538
2023-11-23 10:00:00;8589.966
2023-11-23 11:00:00;8311.487
2023-11-23 12:00:00;7863.848
2023-11-23 13:00:00;7763.543
2023-11-23 14:00:00;7897.379
2023-11-23 15:00:00;8273.25
2023-11-23 16:00:00;8660.927
2023-11-23 17:00:00;8799.762
2023-11-23 18:00:00;8672.218
2023-11-23 19:00:00;8292.139
2023-11-23 20:00:00;7767.49
2023-11-23 21:00:00;7277.008
2023-11-23 22:00:00;7063.092
2023-11-23 23:00:00;6574.738
2023-11-24 00:00:00;6325.929
2023-11-24 01:00:00;6093.848
2023-11-24 02:00:00;5991.207
2023-11-24 03:00:00;5880.3
2023-11-24 04:00:00;6026.519
2023-11-24 05:00:00;6641.542
2023-11-24 06:00:00;7717.416
2023-11-24 07:00:00;8470.644
2023-11-24 08:00:00;8807.507
2023-11-24 09:00:00;8723.644
2023-11-24 10:00:00;8628.358
2023-11-24 11:00:00;8528.705
2023-11-24 12:00:00;8434.958
2023-11-24 13:00:00;8427.853
2023-11-24 14:00:00;8380.835
2023-11-24 15:00:00;8502.817
2023-11-24 16:00:00;8697.61
2023-11-24 17:00:00;8784.16
2023-11-24 18:00:00;8601.648
2023-11-24 19:00:00;8202.372
2023-11-24 20:00:00;7812.606
2023-11-24 21:00:00;7365.705
2023-11-24 22:00:00;7199.551
2023-11-24 23:00:00;6839.088
2023-11-25 00:00:00;6658.165
2023-11-25 01:00:00;6380.871
2023-11-25 02:00:00;6242.799
2023-11-25 03:00:00;6059.949
2023-11-25 04:00:00;6050.707
2023-11-25 05:00:00;6261.658
2023-11-25 06:00:00;6756.465
2023-11-25 07:00:00;7240.559
2023-11-25 08:00:00;7564.629
2023-11-25 09:00:00;7690.24
2023-11-25 10:00:00;7812.312
2023-11-25 11:00:00;7976.813
2023-11-25 12:00:00;8018.184
2023-11-25 13:00:00;7943.205
2023-11-25 14:00:00;7784.105
2023-11-25 15:00:00;7818.875
2023-11-25 16:00:00;8046.723
2023-11-25 17:00:00;8178.41
2023-11-25 18:00:00;8033.556
2023-11-25 19:00:00;7688.214
2023-11-25 20:00:00;7361.786
2023-11-25 21:00:00;7000.941
2023-11-25 22:00:00;6940.902
2023-11-25 23:00:00;6569.632
2023-11-26 00:00:00;6316.21
2023-11-26 01:00:00;6060.926
2023-11-26 02:00:00;5977.544
2023-11-26 03:00:00;5806.877
2023-11-26 04:00:00;5877.346
2023-11-26 05:00:00;6046.167
2023-11-26 06:00:00;6259.224
2023-11-26 07:00:00;6653.068
2023-11-26 08:00:00;6975.881
2023-11-26 09:00:00;7271.881
2023-11-26 10:00:00;7555.772
2023-11-26 11:00:00;7630.372
2023-11-26 12:00:00;7356.502
2023-11-26 13:00:00;7133.705
2023-11-26 14:00:00;7052.239
2023-11-26 15:00:00;7132.931
2023-11-26 16:00:00;7461.674
2023-11-26 17:00:00;7779.52
2023-11-26 18:00:00;7794.121
2023-11-26 19:00:00;7653.087
2023-11-26 20:00:00;7323.957
2023-11-26 21:00:00;7039.277
2023-11-26 22:00:00;7056.88
2023-11-26 23:00:00;6679.629
2023-11-27 00:00:00;6489.233
2023-11-27 01:00:00;6302.199
2023-11-27 02:00:00;6264.081
2023-11-27 03:00:00;6194.91
2023-11-27 04:00:00;6410.265
2023-11-27 05:00:00;7102.336
2023-11-27 06:00:00;8314.918
2023-11-27 07:00:00;9164.063
2023-11-27 08:00:00;9476.342
2023-11-27 09:00:00;9472.562
2023-11-27 10:00:00;9247.932
2023-11-27 11:00:00;9049.61
2023-11-27 12:00:00;8699.018
2023-11-27 13:00:00;8700.834
2023-11-27 14:00:00;8745.495
2023-11-27 15:00:00;8894.577
2023-11-27 16:00:00;9189.557
2023-11-27 17:00:00;9239.464
2023-11-27 18:00:00;9036.871
2023-11-27 19:00:00;8655.285
2023-11-27 20:00:00;8190.813
2023-11-27 21:00:00;7687.456
2023-11-27 22:00:00;7394.877
2023-11-27 23:00:00;6906.601
2023-11-28 00:00:00;6642.623
2023-11-28 01:00:00;6339.95
2023-11-28 02:00:00;6272.298
2023-11-28 03:00:00;6199.965
2023-11-28 04:00:00;6427.281
2023-11-28 05:00:00;7084.499
2023-11-28 06:00:00;8170.123
2023-11-28 07:00:00;8946.125
2023-11-28 08:00:00;9270.642
2023-11-28 09:00:00;9337.84
2023-11-28 10:00:00;9299.684
2023-11-28 11:00:00;9206.661
2023-11-28 12:00:00;9031.548
2023-11-28 13:00:00;8960.237
2023-11-28 14:00:00;8962.135
2023-11-28 15:00:00;9127.151
2023-11-28 16:00:00;9371.935
2023-11-28 17:00:00;9456.637
2023-11-28 18:00:00;9314.428
2023-11-28 19:00:00;8979.801
2023-11-28 20:00:00;8522.664
2023-11-28 21:00:00;8000.877
2023-11-28 22:00:00;7785.218
2023-11-28 23:00:00;7354.72
2023-11-29 00:00:00;7134.721
2023-11-29 01:00:00;6908.47
2023-11-29 02:00:00;6813.757
2023-11-29 03:00:00;6769.574
2023-11-29 04:00:00;6933.938
2023-11-29 05:00:00;7517.715
2023-11-29 06:00:00;8687.035
2023-11-29 07:00:00;9513.991
2023-11-29 08:00:00;9740.244
2023-11-29 09:00:00;9602.305
2023-11-29 10:00:00;9489.457
2023-11-29 11:00:00;9400.077
2023-11-29 12:00:00;9159.555
2023-11-29 13:00:00;9113.8
2023-11-29 14:00:00;9100.316
2023-11-29 15:00:00;9377.859
2023-11-29 16:00:00;9718.434
2023-11-29 17:00:00;9841.396
2023-11-29 18:00:00;9720.029
2023-11-29 19:00:00;9313.118
2023-11-29 20:00:00;8808.57
2023-11-29 21:00:00;8270.858
2023-11-29 22:00:00;7972.398
2023-11-29 23:00:00;7509.059
2023-11-30 00:00:00;7258.404
2023-11-30 01:00:00;6979.804
2023-11-30 02:00:00;6859.187
2023-11-30 03:00:00;6731.967
2023-11-30 04:00:00;6861.849
2023-11-30 05:00:00;7522.678
2023-11-30 06:00:00;8614.024
2023-11-30 07:00:00;9480.575
2023-11-30 08:00:00;9868.47
2023-11-30 09:00:00;9807.07
2023-11-30 10:00:00;9793.219
2023-11-30 11:00:00;9760.861
2023-11-30 12:00:00;9599.001
2023-11-30 13:00:00;9569.207
2023-11-30 14:00:00;9447.746
2023-11-30 15:00:00;9406.028
2023-11-30 16:00:00;9501.657
2023-11-30 17:00:00;9456.792
2023-11-30 18:00:00;9226.826
2023-11-30 19:00:00;8861.117
2023-11-30 20:00:00;8259.458
2023-11-30 21:00:00;7670.487
2023-11-30 22:00:00;7443.064
2023-11-30 23:00:00;6964.03
2023-12-01 00:00:00;6740.167
2023-12-01 01:00:00;6427.176
2023-12-01 02:00:00;6319.79
2023-12-01 03:00:00;6223.088
2023-12-01 04:00:00;6348.001
2023-12-01 05:00:00;7001.768
2023-12-01 06:00:00;8062.089
2023-12-01 07:00:00;8961.31
2023-12-01 08:00:00;9315.792
2023-12-01 09:00:00;9439.02
2023-12-01 10:00:00;9585.189
2023-12-01 11:00:00;9601.748
2023-12-01 12:00:00;9474.78
2023-12-01 13:00:00;9239.025
2023-12-01 14:00:00;9065.795
2023-12-01 15:00:00;9109.324
2023-12-01 16:00:00;9222.384
2023-12-01 17:00:00;9173.205
2023-12-01 18:00:00;8949.69
2023-12-01 19:00:00;8556.625
2023-12-01 20:00:00;8016.174
2023-12-01 21:00:00;7475.43
2023-12-01 22:00:00;7300.075
2023-12-01 23:00:00;6911.2
2023-12-02 00:00:00;6624.461
2023-12-02 01:00:00;6346.895
2023-12-02 02:00:00;6175.864
2023-12-02 03:00:00;6008.057
2023-12-02 04:00:00;6047.684
2023-12-02 05:00:00;6282.225
2023-12-02 06:00:00;6680.477
2023-12-02 07:00:00;7120.444
2023-12-02 08:00:00;7529.937
2023-12-02 09:00:00;7975.791
2023-12-02 10:00:00;8282.657
2023-12-02 11:00:00;8559.475
2023-12-02 12:00:00;8491.602
2023-12-02 13:00:00;8269.179
2023-12-02 14:00:00;8100.717
2023-12-02 15:00:00;8060.125
2023-12-02 16:00:00;8182.762
2023-12-02 17:00:00;8375.016
2023-12-02 18:00:00;8149.329
2023-12-02 19:00:00;7820.67
2023-12-02 20:00:00;7540.721
2023-12-02 21:00:00;7198.247
2023-12-02 22:00:00;7154.207
2023-12-02 23:00:00;6787.091
2023-12-03 00:00:00;6562.54
2023-12-03 01:00:00;6262.175
2023-12-03 02:00:00;6188.4
2023-12-03 03:00:00;6042.596
2023-12-03 04:00:00;6032.897
2023-12-03 05:00:00;6223.217
2023-12-03 06:00:00;6502.701
2023-12-03 07:00:00;6914.941
2023-12-03 08:00:00;7352.996
2023-12-03 09:00:00;7712.015
2023-12-03 10:00:00;7923.843
2023-12-03 11:00:00;8040.042
2023-12-03 12:00:00;7867.775
2023-12-03 13:00:00;7603.405
2023-12-03 14:00:00;7446.518
2023-12-03 15:00:00;7526.047
2023-12-03 16:00:00;7854.8
2023-12-03 17:00:00;8220.038
2023-12-03 18:00:00;8300.058
2023-12-03 19:00:00;8178.231
2023-12-03 20:00:00;7901.235
2023-12-03 21:00:00;7551.753
2023-12-03 22:00:00;7600.123
2023-12-03 23:00:00;7292.338
2023-12-04 00:00:00;7111.689
2023-12-04 01:00:00;6848.967
2023-12-04 02:00:00;6785.644
2023-12-04 03:00:00;6756.231
2023-12-04 04:00:00;6972.698
2023-12-04 05:00:00;7768.041
2023-12-04 06:00:00;8992.977
2023-12-04 07:00:00;9800.613
2023-12-04 08:00:00;10168.632
2023-12-04 09:00:00;10182.742
2023-12-04 10:00:00;10151.601
2023-12-04 11:00:00;10098.325
2023-12-04 12:00:00;10068.413
2023-12-04 13:00:00;10012.715
2023-12-04 14:00:00;9895.017
2023-12-04 15:00:00;9871.479
2023-12-04 16:00:00;10002.853
2023-12-04 17:00:00;10091.746
2023-12-04 18:00:00;9870.141
2023-12-04 19:00:00;9442.361
2023-12-04 20:00:00;8921.302
2023-12-04 21:00:00;8373.826
2023-12-04 22:00:00;8098.876
2023-12-04 23:00:00;7648.568
2023-12-05 00:00:00;7361.939
2023-12-05 01:00:00;7012.422
2023-12-05 02:00:00;6885.376
2023-12-05 03:00:00;6808.79
2023-12-05 04:00:00;6949.319
2023-12-05 05:00:00;7644.787
2023-12-05 06:00:00;8776.23
2023-12-05 07:00:00;9587.268
2023-12-05 08:00:00;9928.366
2023-12-05 09:00:00;9965.856
2023-12-05 10:00:00;9972.083
2023-12-05 11:00:00;9972.335
2023-12-05 12:00:00;9778.198
2023-12-05 13:00:00;9713.894
2023-12-05 14:00:00;9591.258
2023-12-05 15:00:00;9564.177
2023-12-05 16:00:00;9708.635
2023-12-05 17:00:00;9756.103
2023-12-05 18:00:00;9536.578
2023-12-05 19:00:00;9130.315
2023-12-05 20:00:00;8532.253
2023-12-05 21:00:00;7994.564
2023-12-05 22:00:00;7742.227
2023-12-05 23:00:00;7261.326
2023-12-06 00:00:00;6989.097
2023-12-06 01:00:00;6689.575
2023-12-06 02:00:00;6574.244
2023-12-06 03:00:00;6465.338
2023-12-06 04:00:00;6641.994
2023-12-06 05:00:00;7338.263
2023-12-06 06:00:00;8473.002
2023-12-06 07:00:00;9335.689
2023-12-06 08:00:00;9803.736
2023-12-06 09:00:00;9965.249
2023-12-06 10:00:00;10002.283
2023-12-06 11:00:00;9965.803
2023-12-06 12:00:00;9833.404
2023-12-06 13:00:00;9759.963
2023-12-06 14:00:00;9572.404
2023-12-06 15:00:00;9526.17
2023-12-06 16:00:00;9640.413
2023-12-06 17:00:00;9659.69
2023-12-06 18:00:00;9445.505
2023-12-06 19:00:00;9070.276
2023-12-06 20:00:00;8512.763
2023-12-06 21:00:00;7941.074
2023-12-06 22:00:00;7680.975
2023-12-06 23:00:00;7237.882
2023-12-07 00:00:00;6902.378
2023-12-07 01:00:00;6649.368
2023-12-07 02:00:00;6509.433
2023-12-07 03:00:00;6477.028
2023-12-07 04:00:00;6656.437
2023-12-07 05:00:00;7346.059
2023-12-07 06:00:00;8455.871
2023-12-07 07:00:00;9366.14
2023-12-07 08:00:00;9767.257
2023-12-07 09:00:00;9803.738
2023-12-07 10:00:00;9745.495
2023-12-07 11:00:00;9645.918
2023-12-07 12:00:00;9341.901
2023-12-07 13:00:00;9238.269
2023-12-07 14:00:00;9157.469
2023-12-07 15:00:00;9264.095
2023-12-07 16:00:00;9590.095
2023-12-07 17:00:00;9679.38
2023-12-07 18:00:00;9433.288
2023-12-07 19:00:00;8983.091
2023-12-07 20:00:00;8498.234
2023-12-07 21:00:00;7987.081
2023-12-07 22:00:00;7794.843
2023-12-07 23:00:00;7329.607
2023-12-08 00:00:00;7077.18
2023-12-08 01:00:00;6780.443
2023-12-08 02:00:00;6647.342
2023-12-08 03:00:00;6509.086
2023-12-08 04:00:00;6492.367
2023-12-08 05:00:00;6631.345
2023-12-08 06:00:00;6867.847
2023-12-08 07:00:00;7290.86
2023-12-08 08:00:00;7675.499
2023-12-08 09:00:00;8035.386
2023-12-08 10:00:00;8184.194
2023-12-08 11:00:00;8206.315
2023-12-08 12:00:00;8062.71
2023-12-08 13:00:00;7840.326
2023-12-08 14:00:00;7742.167
2023-12-08 15:00:00;7852.589
2023-12-08 16:00:00;8123.988
2023-12-08 17:00:00;8278.948
2023-12-08 18:00:00;8078.361
2023-12-08 19:00:00;7778.652
2023-12-08 20:00:00;7449.57
2023-12-08 21:00:00;7070.163
2023-12-08 22:00:00;7008.456
2023-12-08 23:00:00;6574.138
2023-12-09 00:00:00;6289.157
2023-12-09 01:00:00;6027.052
2023-12-09 02:00:00;5896.092
2023-12-09 03:00:00;5761.804
2023-12-09 04:00:00;5848.737
2023-12-09 05:00:00;6134.6
2023-12-09 06:00:00;6586.15
2023-12-09 07:00:00;7095.027
2023-12-09 08:00:00;7601.554
2023-12-09 09:00:00;7993.12
2023-12-09 10:00:00;8213.302
2023-12-09 11:00:00;8270.058
2023-12-09 12:00:00;8069.658
2023-12-09 13:00:00;7866.228
2023-12-09 14:00:00;7780.984
2023-12-09 15:00:00;7901.277
2023-12-09 16:00:00;8122.255
2023-12-09 17:00:00;8222.403
2023-12-09 18:00:00;7980.079
2023-12-09 19:00:00;7672.131
2023-12-09 20:00:00;7308.064
2023-12-09 21:00:00;6960.262
2023-12-09 22:00:00;6895.591
2023-12-09 23:00:00;6504.334
2023-12-10 00:00:00;6182.179
2023-12-10 01:00:00;5894.425
2023-12-10 02:00:00;5755.896
2023-12-10 03:00:00;5630.059
2023-12-10 04:00:00;5640.715
2023-12-10 05:00:00;5797.377
2023-12-10 06:00:00;6009.226
2023-12-10 07:00:00;6407.581
2023-12-10 08:00:00;6801.783
2023-12-10 09:00:00;7235.342
2023-12-10 10:00:00;7458.541
2023-12-10 11:00:00;7611.814
2023-12-10 12:00:00;7321.713
2023-12-10 13:00:00;7075.286
2023-12-10 14:00:00;6914.125
2023-12-10 15:00:00;7046.099
2023-12-10 16:00:00;7360.058
2023-12-10 17:00:00;7585.802
2023-12-10 18:00:00;7588.708
2023-12-10 19:00:00;7434.872
2023-12-10 20:00:00;7131.826
2023-12-10 21:00:00;6794.068
2023-12-10 22:00:00;6816.688
2023-12-10 23:00:00;6462.238
2023-12-11 00:00:00;6234.126
2023-12-11 01:00:00;6010.99
2023-12-11 02:00:00;5925.145
2023-12-11 03:00:00;5850.53
2023-12-11 04:00:00;6110.64
2023-12-11 05:00:00;6862.177
2023-12-11 06:00:00;8071.704
2023-12-11 07:00:00;9106.209
2023-12-11 08:00:00;9471
2023-12-11 09:00:00;9406.577
2023-12-11 10:00:00;9299.792
2023-12-11 11:00:00;9381.104
2023-12-11 12:00:00;9361.105
2023-12-11 13:00:00;9485.132
2023-12-11 14:00:00;9377.955
2023-12-11 15:00:00;9382.188
2023-12-11 16:00:00;9435.584
2023-12-11 17:00:00;9408.248
2023-12-11 18:00:00;9161.721
2023-12-11 19:00:00;8763.002
2023-12-11 20:00:00;8176.685
2023-12-11 21:00:00;7591.594
2023-12-11 22:00:00;7304.806
2023-12-11 23:00:00;6798.987
2023-12-12 00:00:00;6480.388
2023-12-12 01:00:00;6198.358
2023-12-12 02:00:00;6081.479
2023-12-12 03:00:00;6052.643
2023-12-12 04:00:00;6195.313
2023-12-12 05:00:00;6910.837
2023-12-12 06:00:00;8111.598
2023-12-12 07:00:00;9008.593
2023-12-12 08:00:00;9354.399
2023-12-12 09:00:00;9268.431
2023-12-12 10:00:00;9145.289
2023-12-12 11:00:00;9047.716
2023-12-12 12:00:00;8885.46
2023-12-12 13:00:00;8989.026
2023-12-12 14:00:00;9032.129
2023-12-12 15:00:00;9156.27
2023-12-12 16:00:00;9302.209
2023-12-12 17:00:00;9283.875
2023-12-12 18:00:00;9026.401
2023-12-12 19:00:00;8598.66
2023-12-12 20:00:00;8099.802
2023-12-12 21:00:00;7517.456
2023-12-12 22:00:00;7250.238
2023-12-12 23:00:00;6774.027
2023-12-13 00:00:00;6469.437
2023-12-13 01:00:00;6185.876
2023-12-13 02:00:00;6098.896
2023-12-13 03:00:00;5993.438
2023-12-13 04:00:00;6165.83
2023-12-13 05:00:00;6776.755
2023-12-13 06:00:00;7896.928
2023-12-13 07:00:00;8784.417
2023-12-13 08:00:00;9254.938
2023-12-13 09:00:00;9362.086
2023-12-13 10:00:00;9396.823
2023-12-13 11:00:00;9426.889
2023-12-13 12:00:00;9334.153
2023-12-13 13:00:00;9364.019
2023-12-13 14:00:00;9265.757
2023-12-13 15:00:00;9245.978
2023-12-13 16:00:00;9293.807
2023-12-13 17:00:00;9255.374
2023-12-13 18:00:00;9030.615
2023-12-13 19:00:00;8621.808
2023-12-13 20:00:00;8102.558
2023-12-13 21:00:00;7531.301
2023-12-13 22:00:00;7268.865
2023-12-13 23:00:00;6755.878
2023-12-14 00:00:00;6446.801
2023-12-14 01:00:00;6131.353
2023-12-14 02:00:00;5987.502
2023-12-14 03:00:00;5969.373
2023-12-14 04:00:00;6120.083
2023-12-14 05:00:00;6874.939
2023-12-14 06:00:00;8008.609
2023-12-14 07:00:00;8925.982
2023-12-14 08:00:00;9300.942
2023-12-14 09:00:00;9361.669
2023-12-14 10:00:00;9302.687
2023-12-14 11:00:00;9254.58
2023-12-14 12:00:00;9024.781
2023-12-14 13:00:00;8972.444
2023-12-14 14:00:00;9019.481
2023-12-14 15:00:00;9102.566
2023-12-14 16:00:00;9245.985
2023-12-14 17:00:00;9282.565
2023-12-14 18:00:00;9063.607
2023-12-14 19:00:00;8631.397
2023-12-14 20:00:00;8108.145
2023-12-14 21:00:00;7538.976
2023-12-14 22:00:00;7291.589
2023-12-14 23:00:00;6816.739
2023-12-15 00:00:00;6611.261
2023-12-15 01:00:00;6328.323
2023-12-15 02:00:00;6199.136
2023-12-15 03:00:00;6104.467
2023-12-15 04:00:00;6242.156
2023-12-15 05:00:00;6890.187
2023-12-15 06:00:00;8004.531
2023-12-15 07:00:00;8886.636
2023-12-15 08:00:00;9341.497
2023-12-15 09:00:00;9340.957
2023-12-15 10:00:00;9312.308
2023-12-15 11:00:00;9128.47
2023-12-15 12:00:00;8903.736
2023-12-15 13:00:00;8792.044
2023-12-15 14:00:00;8700.891
2023-12-15 15:00:00;8726.941
2023-12-15 16:00:00;8948.165
2023-12-15 17:00:00;9018.849
2023-12-15 18:00:00;8789.965
2023-12-15 19:00:00;8373.346
2023-12-15 20:00:00;7851.335
2023-12-15 21:00:00;7348.993
2023-12-15 22:00:00;7166.913
2023-12-15 23:00:00;6732.842
2023-12-16 00:00:00;6464.667
2023-12-16 01:00:00;6141.984
2023-12-16 02:00:00;5986.423
2023-12-16 03:00:00;5855.51
2023-12-16 04:00:00;5881.433
2023-12-16 05:00:00;6189.528
2023-12-16 06:00:00;6549.841
2023-12-16 07:00:00;7031.374
2023-12-16 08:00:00;7443.172
2023-12-16 09:00:00;7722.611
2023-12-16 10:00:00;7721.516
2023-12-16 11:00:00;7687.308
2023-12-16 12:00:00;7351.787
2023-12-16 13:00:00;7170.667
2023-12-16 14:00:00;7164.128
2023-12-16 15:00:00;7433.566
2023-12-16 16:00:00;7794.041
2023-12-16 17:00:00;7983.136
2023-12-16 18:00:00;7826.276
2023-12-16 19:00:00;7524.26
2023-12-16 20:00:00;7196.942
2023-12-16 21:00:00;6864.289
2023-12-16 22:00:00;6833.261
2023-12-16 23:00:00;6447.957
2023-12-17 00:00:00;6160.214
2023-12-17 01:00:00;5857.396
2023-12-17 02:00:00;5760.287
2023-12-17 03:00:00;5635.45
2023-12-17 04:00:00;5655.982
2023-12-17 05:00:00;5843.255
2023-12-17 06:00:00;6076.354
2023-12-17 07:00:00;6481.302
2023-12-17 08:00:00;6791.162
2023-12-17 09:00:00;6897.267
2023-12-17 10:00:00;6892.72
2023-12-17 11:00:00;6865.611
2023-12-17 12:00:00;6591.905
2023-12-17 13:00:00;6485.087
2023-12-17 14:00:00;6513.236
2023-12-17 15:00:00;6794.919
2023-12-17 16:00:00;7150.69
2023-12-17 17:00:00;7443.483
2023-12-17 18:00:00;7500.415
2023-12-17 19:00:00;7344.977
2023-12-17 20:00:00;7062.078
2023-12-17 21:00:00;6706.593
2023-12-17 22:00:00;6739.126
2023-12-17 23:00:00;6413.359
2023-12-18 00:00:00;6122.471
2023-12-18 01:00:00;5928.731
2023-12-18 02:00:00;5874.28
2023-12-18 03:00:00;5851.171
2023-12-18 04:00:00;6001.087
2023-12-18 05:00:00;6777.171
2023-12-18 06:00:00;8033.331
2023-12-18 07:00:00;9020.444
2023-12-18 08:00:00;9417.47
2023-12-18 09:00:00;9116.151
2023-12-18 10:00:00;8791.785
2023-12-18 11:00:00;8505.962
2023-12-18 12:00:00;8312.661
2023-12-18 13:00:00;8295.956
2023-12-18 14:00:00;8457.77
2023-12-18 15:00:00;8758.226
2023-12-18 16:00:00;9030.638
2023-12-18 17:00:00;9138.708
2023-12-18 18:00:00;8964.362
2023-12-18 19:00:00;8605.484
2023-12-18 20:00:00;8098.428
2023-12-18 21:00:00;7513.258
2023-12-18 22:00:00;7263.875
2023-12-18 23:00:00;6794.409
2023-12-19 00:00:00;6496.073
2023-12-19 01:00:00;6239.01
2023-12-19 02:00:00;6112.539
2023-12-19 03:00:00;6015.707
2023-12-19 04:00:00;6235.926
2023-12-19 05:00:00;6972.229
2023-12-19 06:00:00;8177.843
2023-12-19 07:00:00;9126.332
2023-12-19 08:00:00;9381.673
2023-12-19 09:00:00;9077.664
2023-12-19 10:00:00;8733.615
2023-12-19 11:00:00;8483.308
2023-12-19 12:00:00;8223.394
2023-12-19 13:00:00;8246.483
2023-12-19 14:00:00;8423.674
2023-12-19 15:00:00;8722.091
2023-12-19 16:00:00;9029.891
2023-12-19 17:00:00;9121.162
2023-12-19 18:00:00;8974.341
2023-12-19 19:00:00;8580.047
2023-12-19 20:00:00;8106.409
2023-12-19 21:00:00;7526.259
2023-12-19 22:00:00;7277.232
2023-12-19 23:00:00;6764.099
2023-12-20 00:00:00;6509.538
2023-12-20 01:00:00;6217.433
2023-12-20 02:00:00;6144.218
2023-12-20 03:00:00;6060.644
2023-12-20 04:00:00;6214.132
2023-12-20 05:00:00;6894.125
2023-12-20 06:00:00;7973.704
2023-12-20 07:00:00;8887.066
2023-12-20 08:00:00;9240.45
2023-12-20 09:00:00;9293.498
2023-12-20 10:00:00;9300.63
2023-12-20 11:00:00;9259.645
2023-12-20 12:00:00;9091.875
2023-12-20 13:00:00;8916.237
2023-12-20 14:00:00;8808.329
2023-12-20 15:00:00;8830.883
2023-12-20 16:00:00;9001.488
2023-12-20 17:00:00;9083.529
2023-12-20 18:00:00;8885.792
2023-12-20 19:00:00;8507.514
2023-12-20 20:00:00;7974.577
2023-12-20 21:00:00;7387.767
2023-12-20 22:00:00;7150.578
2023-12-20 23:00:00;6716.224
2023-12-21 00:00:00;6361.856
2023-12-21 01:00:00;6091.603
2023-12-21 02:00:00;5950.78
2023-12-21 03:00:00;5883.772
2023-12-21 04:00:00;5981.45
2023-12-21 05:00:00;6621.962
2023-12-21 06:00:00;7688.694
2023-12-21 07:00:00;8567.162
2023-12-21 08:00:00;8900.005
2023-12-21 09:00:00;8874.797
2023-12-21 10:00:00;8806.233
2023-12-21 11:00:00;8823.738
2023-12-21 12:00:00;8815.65
2023-12-21 13:00:00;8800.976
2023-12-21 14:00:00;8679.179
2023-12-21 15:00:00;8657.154
2023-12-21 16:00:00;8783.528
2023-12-21 17:00:00;8759.479
2023-12-21 18:00:00;8495.103
2023-12-21 19:00:00;8080.828
2023-12-21 20:00:00;7563.185
2023-12-21 21:00:00;6993.678
2023-12-21 22:00:00;6831.725
2023-12-21 23:00:00;6420.02
2023-12-22 00:00:00;6106.39
2023-12-22 01:00:00;5839.393
2023-12-22 02:00:00;5710.106
2023-12-22 03:00:00;5609.597
2023-12-22 04:00:00;5787.631
2023-12-22 05:00:00;6391.414
2023-12-22 06:00:00;7247.018
2023-12-22 07:00:00;8025.242
2023-12-22 08:00:00;8318.787
2023-12-22 09:00:00;8318.688
2023-12-22 10:00:00;8279.448
2023-12-22 11:00:00;8252.017
2023-12-22 12:00:00;8127.291
2023-12-22 13:00:00;8129.351
2023-12-22 14:00:00;8089.154
2023-12-22 15:00:00;8025.159
2023-12-22 16:00:00;8183.702
2023-12-22 17:00:00;8246.356
2023-12-22 18:00:00;8023.751
2023-12-22 19:00:00;7583.662
2023-12-22 20:00:00;7140.631
2023-12-22 21:00:00;6648.293
2023-12-22 22:00:00;6535.689
2023-12-22 23:00:00;6138.395
2023-12-23 00:00:00;5805.908
2023-12-23 01:00:00;5457.316
2023-12-23 02:00:00;5326.173
2023-12-23 03:00:00;5202.706
2023-12-23 04:00:00;5243.742
2023-12-23 05:00:00;5552.73
2023-12-23 06:00:00;5892.589
2023-12-23 07:00:00;6407.378
2023-12-23 08:00:00;6813.742
2023-12-23 09:00:00;7075.043
2023-12-23 10:00:00;7201.839
2023-12-23 11:00:00;7399.025
2023-12-23 12:00:00;7347.522
2023-12-23 13:00:00;7264.936
2023-12-23 14:00:00;7135.191
2023-12-23 15:00:00;7168.26
2023-12-23 16:00:00;7426.777
2023-12-23 17:00:00;7529.356
2023-12-23 18:00:00;7295.716
2023-12-23 19:00:00;6930.92
2023-12-23 20:00:00;6582.694
2023-12-23 21:00:00;6182.888
2023-12-23 22:00:00;6069.145
2023-12-23 23:00:00;5640.513
2023-12-24 00:00:00;5367.701
2023-12-24 01:00:00;5012.882
2023-12-24 02:00:00;4906.224
2023-12-24 03:00:00;4796.255
2023-12-24 04:00:00;4841.652
2023-12-24 05:00:00;5031.374
2023-12-24 06:00:00;5295.732
2023-12-24 07:00:00;5721.092
2023-12-24 08:00:00;6121.966
2023-12-24 09:00:00;6412.134
2023-12-24 10:00:00;6545.518
2023-12-24 11:00:00;6624.492
2023-12-24 12:00:00;6518.492
2023-12-24 13:00:00;6421.182
2023-12-24 14:00:00;6319.693
2023-12-24 15:00:00;6363.777
2023-12-24 16:00:00;6539.125
2023-12-24 17:00:00;6593.882
2023-12-24 18:00:00;6345.373
2023-12-24 19:00:00;6005.691
2023-12-24 20:00:00;5758.821
2023-12-24 21:00:00;5551.412
2023-12-24 22:00:00;5650.228
2023-12-24 23:00:00;5333.568
2023-12-25 00:00:00;5107.1
2023-12-25 01:00:00;4823.623
2023-12-25 02:00:00;4698.802
2023-12-25 03:00:00;4536.626
2023-12-25 04:00:00;4585.307
2023-12-25 05:00:00;4799.435
2023-12-25 06:00:00;5045.317
2023-12-25 07:00:00;5443.57
2023-12-25 08:00:00;5829.578
2023-12-25 09:00:00;6133.86
2023-12-25 10:00:00;6260.371
2023-12-25 11:00:00;6257.671
2023-12-25 12:00:00;6061.275
2023-12-25 13:00:00;5791.735
2023-12-25 14:00:00;5753.738
2023-12-25 15:00:00;5863.924
2023-12-25 16:00:00;6111.489
2023-12-25 17:00:00;6282.775
2023-12-25 18:00:00;6365.276
2023-12-25 19:00:00;6147.411
2023-12-25 20:00:00;5964.565
2023-12-25 21:00:00;5676.847
2023-12-25 22:00:00;5661.955
2023-12-25 23:00:00;5292.539
2023-12-26 00:00:00;5069.807
2023-12-26 01:00:00;4812.021
2023-12-26 02:00:00;4732.941
2023-12-26 03:00:00;4659.453
2023-12-26 04:00:00;4739.799
2023-12-26 05:00:00;5004.321
2023-12-26 06:00:00;5261.437
2023-12-26 07:00:00;5667.754
2023-12-26 08:00:00;6068.567
2023-12-26 09:00:00;6296.455
2023-12-26 10:00:00;6395.773
2023-12-26 11:00:00;6410.994
2023-12-26 12:00:00;6190.77
2023-12-26 13:00:00;6120.764
2023-12-26 14:00:00;6112.733
2023-12-26 15:00:00;6173.957
2023-12-26 16:00:00;6400.802
2023-12-26 17:00:00;6614.559
2023-12-26 18:00:00;6615.401
2023-12-26 19:00:00;6431.093
2023-12-26 20:00:00;6135.923
2023-12-26 21:00:00;5819.855
2023-12-26 22:00:00;5788.361
2023-12-26 23:00:00;5453.251
2023-12-27 00:00:00;5226.886
2023-12-27 01:00:00;4980.818
2023-12-27 02:00:00;4853.92
2023-12-27 03:00:00;4783.272
2023-12-27 04:00:00;4910.977
2023-12-27 05:00:00;5356.598
2023-12-27 06:00:00;5976.618
2023-12-27 07:00:00;6648.991
2023-12-27 08:00:00;7101.983
2023-12-27 09:00:00;7128.415
2023-12-27 10:00:00;6899.778
2023-12-27 11:00:00;6766.937
2023-12-27 12:00:00;6628.533
2023-12-27 13:00:00;6553.132
2023-12-27 14:00:00;6666.765
2023-12-27 15:00:00;7033.433
2023-12-27 16:00:00;7368.927
2023-12-27 17:00:00;7643.721
2023-12-27 18:00:00;7550.616
2023-12-27 19:00:00;7209.856
2023-12-27 20:00:00;6742.135
2023-12-27 21:00:00;6259.415
2023-12-27 22:00:00;6174.519
2023-12-27 23:00:00;5781.868
2023-12-28 00:00:00;5534.245
2023-12-28 01:00:00;5276.355
2023-12-28 02:00:00;5213.487
2023-12-28 03:00:00;5092.836
2023-12-28 04:00:00;5175.797
2023-12-28 05:00:00;5645.188
2023-12-28 06:00:00;6299.665
2023-12-28 07:00:00;6909.48
2023-12-28 08:00:00;7304.659
2023-12-28 09:00:00;7305.858
2023-12-28 10:00:00;7146.704
2023-12-28 11:00:00;7000.667
2023-12-28 12:00:00;6864.406
2023-12-28 13:00:00;6907.578
2023-12-28 14:00:00;6988.551
2023-12-28 15:00:00;7252.76
2023-12-28 16:00:00;7567.113
2023-12-28 17:00:00;7808.458
2023-12-28 18:00:00;7659.433
2023-12-28 19:00:00;7269.978
2023-12-28 20:00:00;6792.82
2023-12-28 21:00:00;6381.034
2023-12-28 22:00:00;6270.106
2023-12-28 23:00:00;5851.934
2023-12-29 00:00:00;5520.011
2023-12-29 01:00:00;5281.759
2023-12-29 02:00:00;5099.08
2023-12-29 03:00:00;5030.392
2023-12-29 04:00:00;5150.204
2023-12-29 05:00:00;5647.1
2023-12-29 06:00:00;6274.522
2023-12-29 07:00:00;6862.643
2023-12-29 08:00:00;7207.621
2023-12-29 09:00:00;7298.878
2023-12-29 10:00:00;7241.045
2023-12-29 11:00:00;7021.953
2023-12-29 12:00:00;6823.848
2023-12-29 13:00:00;6784.742
2023-12-29 14:00:00;6875.146
2023-12-29 15:00:00;7017.103
2023-12-29 16:00:00;7315.025
2023-12-29 17:00:00;7585.648
2023-12-29 18:00:00;7470.68
2023-12-29 19:00:00;7131.35
2023-12-29 20:00:00;6688.476
2023-12-29 21:00:00;6259.576
2023-12-29 22:00:00;6197.837
2023-12-29 23:00:00;5790.111
2023-12-30 00:00:00;5517.225
2023-12-30 01:00:00;5289.777
2023-12-30 02:00:00;5158.424
2023-12-30 03:00:00;5014.787
2023-12-30 04:00:00;5067.294
2023-12-30 05:00:00;5387.828
2023-12-30 06:00:00;5714.4
2023-12-30 07:00:00;6173.165
2023-12-30 08:00:00;6598.815
2023-12-30 09:00:00;6841.262
2023-12-30 10:00:00;6755.086
2023-12-30 11:00:00;6613.079
2023-12-30 12:00:00;6326.711
2023-12-30 13:00:00;6167.938
2023-12-30 14:00:00;6230.681
2023-12-30 15:00:00;6556.645
2023-12-30 16:00:00;6984.265
2023-12-30 17:00:00;7281.004
2023-12-30 18:00:00;7169.532
2023-12-30 19:00:00;6905.379
2023-12-30 20:00:00;6581.539
2023-12-30 21:00:00;6183.522
2023-12-30 22:00:00;6109.152
2023-12-30 23:00:00;5704.552
2023-12-31 00:00:00;5391.535
2023-12-31 01:00:00;5125.75
2023-12-31 02:00:00;5075.471
2023-12-31 03:00:00;4985.44
2023-12-31 04:00:00;5035.048
2023-12-31 05:00:00;5246.574
2023-12-31 06:00:00;5494.77
2023-12-31 07:00:00;5921.431
2023-12-31 08:00:00;6268.876
2023-12-31 09:00:00;6492.684
2023-12-31 10:00:00;6580.137
2023-12-31 11:00:00;6547.064
2023-12-31 12:00:00;6521.812
2023-12-31 13:00:00;6567.524
2023-12-31 14:00:00;6588.121
2023-12-31 15:00:00;6669.439
2023-12-31 16:00:00;6912.801
2023-12-31 17:00:00;7087.325
2023-12-31 18:00:00;6984.495
2023-12-31 19:00:00;6687.658
2023-12-31 20:00:00;6335.622
2023-12-31 21:00:00;6000.677
2023-12-31 22:00:00;6037.007
2023-12-31 23:00:00;5757.372
2024-01-01 00:00:00;5609.665
2024-01-01 01:00:00;5443.485
2024-01-01 02:00:00;5293.47
2024-01-01 03:00:00;5080.28
2024-01-01 04:00:00;5044.127
2024-01-01 05:00:00;5133.598
2024-01-01 06:00:00;5267.35
2024-01-01 07:00:00;5564.02
2024-01-01 08:00:00;5884.094
2024-01-01 09:00:00;6117.831
2024-01-01 10:00:00;6227.378
2024-01-01 11:00:00;6225.044
2024-01-01 12:00:00;6117.63
2024-01-01 13:00:00;6054.685
2024-01-01 14:00:00;6072.566
2024-01-01 15:00:00;6273.639
2024-01-01 16:00:00;6651.861
2024-01-01 17:00:00;6977.877
2024-01-01 18:00:00;6986.904
2024-01-01 19:00:00;6782.245
2024-01-01 20:00:00;6437.504
2024-01-01 21:00:00;6085.701
2024-01-01 22:00:00;6102.56
2024-01-01 23:00:00;5716.832
2024-01-02 00:00:00;5549.491
2024-01-02 01:00:00;5290.559
2024-01-02 02:00:00;5191.731
2024-01-02 03:00:00;5148.028
2024-01-02 04:00:00;5336.789
2024-01-02 05:00:00;5907.679
2024-01-02 06:00:00;6650.064
2024-01-02 07:00:00;7409.959
2024-01-02 08:00:00;7827.198
2024-01-02 09:00:00;8062.843
2024-01-02 10:00:00;8128.786
2024-01-02 11:00:00;8266.115
2024-01-02 12:00:00;8102.891
2024-01-02 13:00:00;7958.105
2024-01-02 14:00:00;7908.104
2024-01-02 15:00:00;7993.034
2024-01-02 16:00:00;8217.032
2024-01-02 17:00:00;8337.811
2024-01-02 18:00:00;8167.303
2024-01-02 19:00:00;7761.16
2024-01-02 20:00:00;7229.719
2024-01-02 21:00:00;6719.915
2024-01-02 22:00:00;6604.017
2024-01-02 23:00:00;6124.873
2024-01-03 00:00:00;5856.081
2024-01-03 01:00:00;5579.513
2024-01-03 02:00:00;5459.279
2024-01-03 03:00:00;5394
2024-01-03 04:00:00;5482.708
2024-01-03 05:00:00;6006.887
2024-01-03 06:00:00;6773.955
2024-01-03 07:00:00;7442.474
2024-01-03 08:00:00;7791.863
2024-01-03 09:00:00;7814.716
2024-01-03 10:00:00;7682.606
2024-01-03 11:00:00;7547.139
2024-01-03 12:00:00;7332.272
2024-01-03 13:00:00;7239.483
2024-01-03 14:00:00;7254.449
2024-01-03 15:00:00;7482.529
2024-01-03 16:00:00;7856.689
2024-01-03 17:00:00;8118.506
2024-01-03 18:00:00;8016.582
2024-01-03 19:00:00;7657.001
2024-01-03 20:00:00;7236.232
2024-01-03 21:00:00;6707.014
2024-01-03 22:00:00;6556.82
2024-01-03 23:00:00;6067.566
2024-01-04 00:00:00;5763.067
2024-01-04 01:00:00;5502.239
2024-01-04 02:00:00;5407.949
2024-01-04 03:00:00;5368.157
2024-01-04 04:00:00;5497.739
2024-01-04 05:00:00;6034.037
2024-01-04 06:00:00;6748.237
2024-01-04 07:00:00;7437.744
2024-01-04 08:00:00;7860.733
2024-01-04 09:00:00;8108.069
2024-01-04 10:00:00;8114.57
2024-01-04 11:00:00;8059.26
2024-01-04 12:00:00;7794.764
2024-01-04 13:00:00;7590.988
2024-01-04 14:00:00;7562.898
2024-01-04 15:00:00;7732.642
2024-01-04 16:00:00;7985.06
2024-01-04 17:00:00;8250.823
2024-01-04 18:00:00;8096.832
2024-01-04 19:00:00;7780.119
2024-01-04 20:00:00;7310.04
2024-01-04 21:00:00;6783.496
2024-01-04 22:00:00;6679.06
2024-01-04 23:00:00;6223.102
2024-01-05 00:00:00;5935.851
2024-01-05 01:00:00;5669.975
2024-01-05 02:00:00;5508.25
2024-01-05 03:00:00;5423.203
2024-01-05 04:00:00;5571.909
2024-01-05 05:00:00;6117.776
2024-01-05 06:00:00;6860.881
2024-01-05 07:00:00;7546.218
2024-01-05 08:00:00;7954.874
2024-01-05 09:00:00;8113.076
2024-01-05 10:00:00;8199.521
2024-01-05 11:00:00;8144.282
2024-01-05 12:00:00;7817.232
2024-01-05 13:00:00;7630.254
2024-01-05 14:00:00;7584.43
2024-01-05 15:00:00;7714.118
2024-01-05 16:00:00;8041.328
2024-01-05 17:00:00;8286.932
2024-01-05 18:00:00;8131.614
2024-01-05 19:00:00;7721.742
2024-01-05 20:00:00;7228.149
2024-01-05 21:00:00;6709.422
2024-01-05 22:00:00;6595.201
2024-01-05 23:00:00;6138.943
2024-01-06 00:00:00;5832.605
2024-01-06 01:00:00;5529.63
2024-01-06 02:00:00;5384.442
2024-01-06 03:00:00;5250.025
2024-01-06 04:00:00;5244.985
2024-01-06 05:00:00;5440.406
2024-01-06 06:00:00;5695.324
2024-01-06 07:00:00;6131.287
2024-01-06 08:00:00;6587.063
2024-01-06 09:00:00;7073.116
2024-01-06 10:00:00;7444.375
2024-01-06 11:00:00;7735.149
2024-01-06 12:00:00;7654.647
2024-01-06 13:00:00;7470.173
2024-01-06 14:00:00;7278.486
2024-01-06 15:00:00;7235.975
2024-01-06 16:00:00;7283.92
2024-01-06 17:00:00;7439.085
2024-01-06 18:00:00;7378.927
2024-01-06 19:00:00;7134.675
2024-01-06 20:00:00;6786.998
2024-01-06 21:00:00;6418.231
2024-01-06 22:00:00;6392.596
2024-01-06 23:00:00;6057.671
2024-01-07 00:00:00;5810.398
2024-01-07 01:00:00;5549.307
2024-01-07 02:00:00;5469.159
2024-01-07 03:00:00;5394.24
2024-01-07 04:00:00;5444.883
2024-01-07 05:00:00;5625.463
2024-01-07 06:00:00;5905.889
2024-01-07 07:00:00;6305.49
2024-01-07 08:00:00;6780.104
2024-01-07 09:00:00;7246.636
2024-01-07 10:00:00;7581.457
2024-01-07 11:00:00;7823.112
2024-01-07 12:00:00;7740.848
2024-01-07 13:00:00;7586.288
2024-01-07 14:00:00;7378.164
2024-01-07 15:00:00;7382.405
2024-01-07 16:00:00;7509.471
2024-01-07 17:00:00;7787.162
2024-01-07 18:00:00;7805.151
2024-01-07 19:00:00;7618.05
2024-01-07 20:00:00;7255.295
2024-01-07 21:00:00;6906.74
2024-01-07 22:00:00;6977.891
2024-01-07 23:00:00;6620.622
2024-01-08 00:00:00;6449.264
2024-01-08 01:00:00;6210.62
2024-01-08 02:00:00;6193.235
2024-01-08 03:00:00;6185.933
2024-01-08 04:00:00;6350.452
2024-01-08 05:00:00;7031.399
2024-01-08 06:00:00;8186.327
2024-01-08 07:00:00;9135.118
2024-01-08 08:00:00;9734.742
2024-01-08 09:00:00;10006.058
2024-01-08 10:00:00;10139.274
2024-01-08 11:00:00;10135.587
2024-01-08 12:00:00;9991.584
2024-01-08 13:00:00;9867.741
2024-01-08 14:00:00;9750.826
2024-01-08 15:00:00;9701.478
2024-01-08 16:00:00;9748.938
2024-01-08 17:00:00;9868.497
2024-01-08 18:00:00;9709.453
2024-01-08 19:00:00;9287.674
2024-01-08 20:00:00;8785.17
2024-01-08 21:00:00;8251.596
2024-01-08 22:00:00;8027.221
2024-01-08 23:00:00;7505.933
2024-01-09 00:00:00;7241.622
2024-01-09 01:00:00;6922.521
2024-01-09 02:00:00;6835.596
2024-01-09 03:00:00;6711.365
2024-01-09 04:00:00;6841.78
2024-01-09 05:00:00;7444.484
2024-01-09 06:00:00;8601.157
2024-01-09 07:00:00;9543.849
2024-01-09 08:00:00;9945.656
2024-01-09 09:00:00;10027.983
2024-01-09 10:00:00;9944.777
2024-01-09 11:00:00;9810.411
2024-01-09 12:00:00;9671.057
2024-01-09 13:00:00;9537.084
2024-01-09 14:00:00;9399.961
2024-01-09 15:00:00;9484.172
2024-01-09 16:00:00;9654.507
2024-01-09 17:00:00;9876.459
2024-01-09 18:00:00;9705.872
2024-01-09 19:00:00;9295.846
2024-01-09 20:00:00;8719.519
2024-01-09 21:00:00;8126.301
2024-01-09 22:00:00;7899.025
2024-01-09 23:00:00;7467.084
2024-01-10 00:00:00;7158.082
2024-01-10 01:00:00;6897.06
2024-01-10 02:00:00;6753.114
2024-01-10 03:00:00;6661.708
2024-01-10 04:00:00;6811.43
2024-01-10 05:00:00;7492.688
2024-01-10 06:00:00;8684.44
2024-01-10 07:00:00;9681.301
2024-01-10 08:00:00;10059.506
2024-01-10 09:00:00;9846.784
2024-01-10 10:00:00;9554.76
2024-01-10 11:00:00;9298.59
2024-01-10 12:00:00;8994.879
2024-01-10 13:00:00;8899.16
2024-01-10 14:00:00;8858.716
2024-01-10 15:00:00;9144.338
2024-01-10 16:00:00;9515.436
2024-01-10 17:00:00;9762.714
2024-01-10 18:00:00;9655.436
2024-01-10 19:00:00;9251.379
2024-01-10 20:00:00;8758.33
2024-01-10 21:00:00;8180.347
2024-01-10 22:00:00;7987.769
2024-01-10 23:00:00;7487.099
2024-01-11 00:00:00;7180.044
2024-01-11 01:00:00;6919.883
2024-01-11 02:00:00;6819.483
2024-01-11 03:00:00;6760.724
2024-01-11 04:00:00;6936.971
2024-01-11 05:00:00;7622.874
2024-01-11 06:00:00;8860.578
2024-01-11 07:00:00;9788.079
2024-01-11 08:00:00;10100.109
2024-01-11 09:00:00;9826.034
2024-01-11 10:00:00;9587.892
2024-01-11 11:00:00;9290.656
2024-01-11 12:00:00;8991.959
2024-01-11 13:00:00;8881.801
2024-01-11 14:00:00;8890.663
2024-01-11 15:00:00;9165.56
2024-01-11 16:00:00;9485.757
2024-01-11 17:00:00;9783.749
2024-01-11 18:00:00;9672.922
2024-01-11 19:00:00;9252.814
2024-01-11 20:00:00;8663.523
2024-01-11 21:00:00;8023.759
2024-01-11 22:00:00;7773.021
2024-01-11 23:00:00;7289.761
2024-01-12 00:00:00;7004.172
2024-01-12 01:00:00;6693.004
2024-01-12 02:00:00;6595.659
2024-01-12 03:00:00;6515.397
2024-01-12 04:00:00;6690.495
2024-01-12 05:00:00;7295.079
2024-01-12 06:00:00;8332.372
2024-01-12 07:00:00;9323.846
2024-01-12 08:00:00;9786.958
2024-01-12 09:00:00;9823.571
2024-01-12 10:00:00;9776.621
2024-01-12 11:00:00;9587.397
2024-01-12 12:00:00;9228.16
2024-01-12 13:00:00;8974.628
2024-01-12 14:00:00;8872.367
2024-01-12 15:00:00;8950.916
2024-01-12 16:00:00;9165.844
2024-01-12 17:00:00;9401.656
2024-01-12 18:00:00;9251.648
2024-01-12 19:00:00;8826.608
2024-01-12 20:00:00;8307.693
2024-01-12 21:00:00;7674.375
2024-01-12 22:00:00;7564.893
2024-01-12 23:00:00;7204.036
2024-01-13 00:00:00;6924.035
2024-01-13 01:00:00;6645.737
2024-01-13 02:00:00;6516.806
2024-01-13 03:00:00;6361.757
2024-01-13 04:00:00;6362.64
2024-01-13 05:00:00;6627.258
2024-01-13 06:00:00;7027.433
2024-01-13 07:00:00;7555.048
2024-01-13 08:00:00;8022.479
2024-01-13 09:00:00;8280.521
2024-01-13 10:00:00;8219.874
2024-01-13 11:00:00;8092.762
2024-01-13 12:00:00;7812.689
2024-01-13 13:00:00;7562.231
2024-01-13 14:00:00;7515.952
2024-01-13 15:00:00;7751.612
2024-01-13 16:00:00;8118.771
2024-01-13 17:00:00;8473.142
2024-01-13 18:00:00;8371.311
2024-01-13 19:00:00;8018.708
2024-01-13 20:00:00;7607.519
2024-01-13 21:00:00;7222.274
2024-01-13 22:00:00;7179.237
2024-01-13 23:00:00;6792.14
2024-01-14 00:00:00;6522.081
2024-01-14 01:00:00;6244.848
2024-01-14 02:00:00;6159.93
2024-01-14 03:00:00;5986.689
2024-01-14 04:00:00;6014.828
2024-01-14 05:00:00;6178.838
2024-01-14 06:00:00;6379.08
2024-01-14 07:00:00;6803.351
2024-01-14 08:00:00;7194.611
2024-01-14 09:00:00;7509.774
2024-01-14 10:00:00;7674.941
2024-01-14 11:00:00;7659.519
2024-01-14 12:00:00;7406.404
2024-01-14 13:00:00;7155.964
2024-01-14 14:00:00;7075.047
2024-01-14 15:00:00;7227.386
2024-01-14 16:00:00;7540.37
2024-01-14 17:00:00;7934.804
2024-01-14 18:00:00;8008.916
2024-01-14 19:00:00;7831.408
2024-01-14 20:00:00;7498.579
2024-01-14 21:00:00;7130.773
2024-01-14 22:00:00;7154.568
2024-01-14 23:00:00;6818.32
2024-01-15 00:00:00;6579.305
2024-01-15 01:00:00;6344.499
2024-01-15 02:00:00;6234.233
2024-01-15 03:00:00;6151.357
2024-01-15 04:00:00;6372.755
2024-01-15 05:00:00;7160.871
2024-01-15 06:00:00;8386.053
2024-01-15 07:00:00;9342.966
2024-01-15 08:00:00;9773.603
2024-01-15 09:00:00;9755.915
2024-01-15 10:00:00;9624.616
2024-01-15 11:00:00;9436.717
2024-01-15 12:00:00;9266.791
2024-01-15 13:00:00;9255.62
2024-01-15 14:00:00;9312.367
2024-01-15 15:00:00;9410.445
2024-01-15 16:00:00;9519.186
2024-01-15 17:00:00;9684.079
2024-01-15 18:00:00;9488.902
2024-01-15 19:00:00;9061.395
2024-01-15 20:00:00;8542.614
2024-01-15 21:00:00;7950.374
2024-01-15 22:00:00;7788.419
2024-01-15 23:00:00;7302.114
2024-01-16 00:00:00;7057.085
2024-01-16 01:00:00;6763.184
2024-01-16 02:00:00;6632.817
2024-01-16 03:00:00;6502.323
2024-01-16 04:00:00;6653.837
2024-01-16 05:00:00;7391.274
2024-01-16 06:00:00;8534.633
2024-01-16 07:00:00;9470.369
2024-01-16 08:00:00;9775.548
2024-01-16 09:00:00;9596.863
2024-01-16 10:00:00;9260.017
2024-01-16 11:00:00;8985.557
2024-01-16 12:00:00;8724.576
2024-01-16 13:00:00;8787.667
2024-01-16 14:00:00;8778.896
2024-01-16 15:00:00;8994.335
2024-01-16 16:00:00;9310.664
2024-01-16 17:00:00;9620.699
2024-01-16 18:00:00;9485.575
2024-01-16 19:00:00;9093.397
2024-01-16 20:00:00;8603.558
2024-01-16 21:00:00;8029.676
2024-01-16 22:00:00;7825.482
2024-01-16 23:00:00;7406.332
2024-01-17 00:00:00;7102.789
2024-01-17 01:00:00;6850.021
2024-01-17 02:00:00;6705.33
2024-01-17 03:00:00;6613.147
2024-01-17 04:00:00;6789.833
2024-01-17 05:00:00;7419.485
2024-01-17 06:00:00;8552.496
2024-01-17 07:00:00;9525.276
2024-01-17 08:00:00;9991.156
2024-01-17 09:00:00;10003.169
2024-01-17 10:00:00;9895.017
2024-01-17 11:00:00;9763.382
2024-01-17 12:00:00;9667.425
2024-01-17 13:00:00;9712.383
2024-01-17 14:00:00;9502.994
2024-01-17 15:00:00;9385.418
2024-01-17 16:00:00;9517.09
2024-01-17 17:00:00;9671.891
2024-01-17 18:00:00;9437.053
2024-01-17 19:00:00;8990.4
2024-01-17 20:00:00;8399.991
2024-01-17 21:00:00;7763.134
2024-01-17 22:00:00;7509.736
2024-01-17 23:00:00;7088.398
2024-01-18 00:00:00;6764.515
2024-01-18 01:00:00;6452.118
2024-01-18 02:00:00;6330.406
2024-01-18 03:00:00;6218.238
2024-01-18 04:00:00;6430.229
2024-01-18 05:00:00;7067.796
2024-01-18 06:00:00;8171.586
2024-01-18 07:00:00;9111.08
2024-01-18 08:00:00;9601.006
2024-01-18 09:00:00;9704.365
2024-01-18 10:00:00;9633.42
2024-01-18 11:00:00;9434.903
2024-01-18 12:00:00;8966.204
2024-01-18 13:00:00;8654.252
2024-01-18 14:00:00;8676.493
2024-01-18 15:00:00;8862.295
2024-01-18 16:00:00;8999.876
2024-01-18 17:00:00;9173.357
2024-01-18 18:00:00;9054.539
2024-01-18 19:00:00;8670.668
2024-01-18 20:00:00;8229.981
2024-01-18 21:00:00;7722.387
2024-01-18 22:00:00;7601.022
2024-01-18 23:00:00;7178.703
2024-01-19 00:00:00;6927.852
2024-01-19 01:00:00;6649.018
2024-01-19 02:00:00;6587.705
2024-01-19 03:00:00;6520.873
2024-01-19 04:00:00;6661.16
2024-01-19 05:00:00;7309.446
2024-01-19 06:00:00;8354.315
2024-01-19 07:00:00;9325.547
2024-01-19 08:00:00;9821.5
2024-01-19 09:00:00;9951.391
2024-01-19 10:00:00;10025.046
2024-01-19 11:00:00;9938.958
2024-01-19 12:00:00;9548.909
2024-01-19 13:00:00;9236.194
2024-01-19 14:00:00;9112.058
2024-01-19 15:00:00;9072.8
2024-01-19 16:00:00;9204.216
2024-01-19 17:00:00;9516.783
2024-01-19 18:00:00;9329.811
2024-01-19 19:00:00;8906.544
2024-01-19 20:00:00;8422.668
2024-01-19 21:00:00;7871.391
2024-01-19 22:00:00;7712.748
2024-01-19 23:00:00;7303.556
2024-01-20 00:00:00;7051.329
2024-01-20 01:00:00;6747.159
2024-01-20 02:00:00;6558.751
2024-01-20 03:00:00;6416.183
2024-01-20 04:00:00;6461.517
2024-01-20 05:00:00;6734.421
2024-01-20 06:00:00;7114.654
2024-01-20 07:00:00;7653.733
2024-01-20 08:00:00;8066.88
2024-01-20 09:00:00;8194.384
2024-01-20 10:00:00;8119.391
2024-01-20 11:00:00;7886.903
2024-01-20 12:00:00;7599.489
2024-01-20 13:00:00;7327.766
2024-01-20 14:00:00;7243.429
2024-01-20 15:00:00;7447.693
2024-01-20 16:00:00;7857.876
2024-01-20 17:00:00;8339.577
2024-01-20 18:00:00;8296.183
2024-01-20 19:00:00;8011.296
2024-01-20 20:00:00;7633.626
2024-01-20 21:00:00;7268.018
2024-01-20 22:00:00;7271.168
2024-01-20 23:00:00;6907.424
2024-01-21 00:00:00;6666.52
2024-01-21 01:00:00;6326.387
2024-01-21 02:00:00;6225.227
2024-01-21 03:00:00;6100.062
2024-01-21 04:00:00;6116.848
2024-01-21 05:00:00;6328.342
2024-01-21 06:00:00;6603.457
2024-01-21 07:00:00;7075.667
2024-01-21 08:00:00;7414.103
2024-01-21 09:00:00;7471.55
2024-01-21 10:00:00;7390.431
2024-01-21 11:00:00;7266.256
2024-01-21 12:00:00;6982.755
2024-01-21 13:00:00;6823.8
2024-01-21 14:00:00;6832.62
2024-01-21 15:00:00;7036.04
2024-01-21 16:00:00;7389.906
2024-01-21 17:00:00;7863.734
2024-01-21 18:00:00;8002.233
2024-01-21 19:00:00;7807.346
2024-01-21 20:00:00;7460.01
2024-01-21 21:00:00;7143.401
2024-01-21 22:00:00;7235.167
2024-01-21 23:00:00;6885.608
2024-01-22 00:00:00;6739.423
2024-01-22 01:00:00;6496.166
2024-01-22 02:00:00;6423.394
2024-01-22 03:00:00;6385.943
2024-01-22 04:00:00;6635.124
2024-01-22 05:00:00;7390.683
2024-01-22 06:00:00;8657.583
2024-01-22 07:00:00;9703.744
2024-01-22 08:00:00;9907.815
2024-01-22 09:00:00;9586.233
2024-01-22 10:00:00;9541.997
2024-01-22 11:00:00;9487.636
2024-01-22 12:00:00;9349.046
2024-01-22 13:00:00;9320.336
2024-01-22 14:00:00;9291.493
2024-01-22 15:00:00;9403.915
2024-01-22 16:00:00;9535.475
2024-01-22 17:00:00;9668.837
2024-01-22 18:00:00;9486.774
2024-01-22 19:00:00;9032.18
2024-01-22 20:00:00;8460.781
2024-01-22 21:00:00;7850.125
2024-01-22 22:00:00;7603.08
2024-01-22 23:00:00;7134.64
2024-01-23 00:00:00;6891.076
2024-01-23 01:00:00;6579.629
2024-01-23 02:00:00;6435.383
2024-01-23 03:00:00;6306.671
2024-01-23 04:00:00;6547.378
2024-01-23 05:00:00;7280.692
2024-01-23 06:00:00;8492.277
2024-01-23 07:00:00;9438.152
2024-01-23 08:00:00;9702.874
2024-01-23 09:00:00;9620.501
2024-01-23 10:00:00;9361.229
2024-01-23 11:00:00;9141.932
2024-01-23 12:00:00;8907.449
2024-01-23 13:00:00;8940.25
2024-01-23 14:00:00;8802.364
2024-01-23 15:00:00;8903.086
2024-01-23 16:00:00;9154.356
2024-01-23 17:00:00;9417.544
2024-01-23 18:00:00;9260.316
2024-01-23 19:00:00;8913.262
2024-01-23 20:00:00;8387.737
2024-01-23 21:00:00;7770.035
2024-01-23 22:00:00;7527.614
2024-01-23 23:00:00;7069.545
2024-01-24 00:00:00;6861.793
2024-01-24 01:00:00;6519.299
2024-01-24 02:00:00;6397.212
2024-01-24 03:00:00;6305.776
2024-01-24 04:00:00;6441.331
2024-01-24 05:00:00;7140.489
2024-01-24 06:00:00;8311.296
2024-01-24 07:00:00;9124.349
2024-01-24 08:00:00;9444.827
2024-01-24 09:00:00;9250.533
2024-01-24 10:00:00;9106.589
2024-01-24 11:00:00;8958.196
2024-01-24 12:00:00;8748.455
2024-01-24 13:00:00;8705.851
2024-01-24 14:00:00;8586.898
2024-01-24 15:00:00;8691.524
2024-01-24 16:00:00;8871.637
2024-01-24 17:00:00;9140.247
2024-01-24 18:00:00;9008.523
2024-01-24 19:00:00;8630.314
2024-01-24 20:00:00;8114.774
2024-01-24 21:00:00;7521.946
2024-01-24 22:00:00;7253.974
2024-01-24 23:00:00;6813.356
2024-01-25 00:00:00;6603.232
2024-01-25 01:00:00;6270.837
2024-01-25 02:00:00;6163.515
2024-01-25 03:00:00;6082.375
2024-01-25 04:00:00;6255.936
2024-01-25 05:00:00;6928.288
2024-01-25 06:00:00;8015.204
2024-01-25 07:00:00;8939.538
2024-01-25 08:00:00;9278.412
2024-01-25 09:00:00;9181.962
2024-01-25 10:00:00;9056.705
2024-01-25 11:00:00;8855.103
2024-01-25 12:00:00;8520.902
2024-01-25 13:00:00;8350.731
2024-01-25 14:00:00;8276.24
2024-01-25 15:00:00;8546.236
2024-01-25 16:00:00;8859.584
2024-01-25 17:00:00;9135.841
2024-01-25 18:00:00;9047.904
2024-01-25 19:00:00;8676.909
2024-01-25 20:00:00;8114.384
2024-01-25 21:00:00;7529.13
2024-01-25 22:00:00;7292.867
2024-01-25 23:00:00;6827.772
2024-01-26 00:00:00;6502.975
2024-01-26 01:00:00;6242.184
2024-01-26 02:00:00;6132.887
2024-01-26 03:00:00;6024.562
2024-01-26 04:00:00;6164.605
2024-01-26 05:00:00;6832.693
2024-01-26 06:00:00;7990.73
2024-01-26 07:00:00;8896.363
2024-01-26 08:00:00;9211.157
2024-01-26 09:00:00;9121.79
2024-01-26 10:00:00;8987.61
2024-01-26 11:00:00;8845.873
2024-01-26 12:00:00;8569.679
2024-01-26 13:00:00;8474.049
2024-01-26 14:00:00;8376.496
2024-01-26 15:00:00;8460.622
2024-01-26 16:00:00;8623.648
2024-01-26 17:00:00;8835.985
2024-01-26 18:00:00;8655.895
2024-01-26 19:00:00;8219.776
2024-01-26 20:00:00;7682.083
2024-01-26 21:00:00;7207.67
2024-01-26 22:00:00;7030.784
2024-01-26 23:00:00;6614.361
2024-01-27 00:00:00;6377.384
2024-01-27 01:00:00;6054.384
2024-01-27 02:00:00;5878.568
2024-01-27 03:00:00;5728.121
2024-01-27 04:00:00;5788.959
2024-01-27 05:00:00;6064.637
2024-01-27 06:00:00;6462.543
2024-01-27 07:00:00;6992.463
2024-01-27 08:00:00;7323.435
2024-01-27 09:00:00;7466.331
2024-01-27 10:00:00;7377.034
2024-01-27 11:00:00;7308.247
2024-01-27 12:00:00;6923.818
2024-01-27 13:00:00;6661.146
2024-01-27 14:00:00;6559.493
2024-01-27 15:00:00;6795.867
2024-01-27 16:00:00;7201.564
2024-01-27 17:00:00;7736.505
2024-01-27 18:00:00;7706.83
2024-01-27 19:00:00;7459.035
2024-01-27 20:00:00;7053.684
2024-01-27 21:00:00;6657.762
2024-01-27 22:00:00;6604.84
2024-01-27 23:00:00;6225.539
2024-01-28 00:00:00;5959.566
2024-01-28 01:00:00;5701.755
2024-01-28 02:00:00;5626.627
2024-01-28 03:00:00;5508.038
2024-01-28 04:00:00;5514.503
2024-01-28 05:00:00;5714.561
2024-01-28 06:00:00;6036.623
2024-01-28 07:00:00;6480.812
2024-01-28 08:00:00;6734.535
2024-01-28 09:00:00;6743.32
2024-01-28 10:00:00;6701.562
2024-01-28 11:00:00;6623.131
2024-01-28 12:00:00;6273.896
2024-01-28 13:00:00;6016.797
2024-01-28 14:00:00;5953.132
2024-01-28 15:00:00;6212.877
2024-01-28 16:00:00;6746.374
2024-01-28 17:00:00;7422.166
2024-01-28 18:00:00;7569.129
2024-01-28 19:00:00;7400.946
2024-01-28 20:00:00;7106.159
2024-01-28 21:00:00;6742.77
2024-01-28 22:00:00;6773.902
2024-01-28 23:00:00;6443.48
2024-01-29 00:00:00;6261.561
2024-01-29 01:00:00;6073.335
2024-01-29 02:00:00;6031.471
2024-01-29 03:00:00;5991.888
2024-01-29 04:00:00;6223.691
2024-01-29 05:00:00;6966.423
2024-01-29 06:00:00;8275.338
2024-01-29 07:00:00;9297.485
2024-01-29 08:00:00;9500.321
2024-01-29 09:00:00;9192.181
2024-01-29 10:00:00;8824.19
2024-01-29 11:00:00;8537.15
2024-01-29 12:00:00;8171.617
2024-01-29 13:00:00;7989.666
2024-01-29 14:00:00;7931.673
2024-01-29 15:00:00;8244.2
2024-01-29 16:00:00;8718.018
2024-01-29 17:00:00;9154.122
2024-01-29 18:00:00;9135.859
2024-01-29 19:00:00;8774.616
2024-01-29 20:00:00;8272.571
2024-01-29 21:00:00;7644.966
2024-01-29 22:00:00;7459.689
2024-01-29 23:00:00;7016.908
2024-01-30 00:00:00;6719.83
2024-01-30 01:00:00;6439.647
2024-01-30 02:00:00;6350.283
2024-01-30 03:00:00;6301.867
2024-01-30 04:00:00;6507.105
2024-01-30 05:00:00;7287.661
2024-01-30 06:00:00;8479.202
2024-01-30 07:00:00;9373.012
2024-01-30 08:00:00;9555.938
2024-01-30 09:00:00;9198.269
2024-01-30 10:00:00;8908.389
2024-01-30 11:00:00;8640.803
2024-01-30 12:00:00;8285.529
2024-01-30 13:00:00;8164.43
2024-01-30 14:00:00;8160.304
2024-01-30 15:00:00;8411.804
2024-01-30 16:00:00;8815.993
2024-01-30 17:00:00;9267.769
2024-01-30 18:00:00;9226.438
2024-01-30 19:00:00;8893.566
2024-01-30 20:00:00;8341.711
2024-01-30 21:00:00;7703.602
2024-01-30 22:00:00;7496.687
2024-01-30 23:00:00;6992.977
2024-01-31 00:00:00;6725.454
2024-01-31 01:00:00;6464.377
2024-01-31 02:00:00;6367.907
2024-01-31 03:00:00;6268.91
2024-01-31 04:00:00;6464.25
2024-01-31 05:00:00;7149.761
2024-01-31 06:00:00;8387.893
2024-01-31 07:00:00;9332.28
2024-01-31 08:00:00;9517.148
2024-01-31 09:00:00;9221.636
2024-01-31 10:00:00;8944.503
2024-01-31 11:00:00;8613.368
2024-01-31 12:00:00;8325.84
2024-01-31 13:00:00;8464.645
2024-01-31 14:00:00;8561.856
2024-01-31 15:00:00;8693.304
2024-01-31 16:00:00;8934.959
2024-01-31 17:00:00;9225.627
2024-01-31 18:00:00;9171.801
2024-01-31 19:00:00;8728.266
2024-01-31 20:00:00;8150.531
2024-01-31 21:00:00;7624.457
2024-01-31 22:00:00;7420.499
2024-01-31 23:00:00;7002.347
2024-02-01 00:00:00;6715.3
2024-02-01 01:00:00;6415.19
2024-02-01 02:00:00;6347.208
2024-02-01 03:00:00;6324.618
2024-02-01 04:00:00;6450.95
2024-02-01 05:00:00;7058.848
2024-02-01 06:00:00;8144.973
2024-02-01 07:00:00;8983.615
2024-02-01 08:00:00;9178.203
2024-02-01 09:00:00;9226.273
2024-02-01 10:00:00;9331.978
2024-02-01 11:00:00;9358.579
2024-02-01 12:00:00;9284.916
2024-02-01 13:00:00;9291.8
2024-02-01 14:00:00;9102.814
2024-02-01 15:00:00;9046.3
2024-02-01 16:00:00;9153.486
2024-02-01 17:00:00;9283.707
2024-02-01 18:00:00;9147.525
2024-02-01 19:00:00;8725.398
2024-02-01 20:00:00;8154.706
2024-02-01 21:00:00;7577.167
2024-02-01 22:00:00;7308.606
2024-02-01 23:00:00;6866.087
2024-02-02 00:00:00;6554.285
2024-02-02 01:00:00;6254.018
2024-02-02 02:00:00;6135.12
2024-02-02 03:00:00;6105.907
2024-02-02 04:00:00;6245.94
2024-02-02 05:00:00;6976.819
2024-02-02 06:00:00;8073.648
2024-02-02 07:00:00;8879.444
2024-02-02 08:00:00;9111.959
2024-02-02 09:00:00;8985.356
2024-02-02 10:00:00;8651.194
2024-02-02 11:00:00;8528.769
2024-02-02 12:00:00;8347.749
2024-02-02 13:00:00;8448.233
2024-02-02 14:00:00;8456.437
2024-02-02 15:00:00;8509.377
2024-02-02 16:00:00;8526.266
2024-02-02 17:00:00;8754.482
2024-02-02 18:00:00;8664.549
2024-02-02 19:00:00;8232.789
2024-02-02 20:00:00;7703.598
2024-02-02 21:00:00;7114.223
2024-02-02 22:00:00;6922.351
2024-02-02 23:00:00;6491.967
2024-02-03 00:00:00;6197.692
2024-02-03 01:00:00;5884.503
2024-02-03 02:00:00;5751.007
2024-02-03 03:00:00;5643.498
2024-02-03 04:00:00;5680.342
2024-02-03 05:00:00;5983.277
2024-02-03 06:00:00;6345.359
2024-02-03 07:00:00;6853.307
2024-02-03 08:00:00;7195.703
2024-02-03 09:00:00;7299.929
2024-02-03 10:00:00;7272.119
2024-02-03 11:00:00;7041.369
2024-02-03 12:00:00;6644.371
2024-02-03 13:00:00;6391.806
2024-02-03 14:00:00;6321.782
2024-02-03 15:00:00;6536.17
2024-02-03 16:00:00;6926.691
2024-02-03 17:00:00;7397.703
2024-02-03 18:00:00;7430.48
2024-02-03 19:00:00;7137.835
2024-02-03 20:00:00;6718.284
2024-02-03 21:00:00;6317.038
2024-02-03 22:00:00;6309.277
2024-02-03 23:00:00;5912.496
2024-02-04 00:00:00;5640.283
2024-02-04 01:00:00;5375.249
2024-02-04 02:00:00;5288.105
2024-02-04 03:00:00;5209.367
2024-02-04 04:00:00;5226.558
2024-02-04 05:00:00;5410.533
2024-02-04 06:00:00;5701.702
2024-02-04 07:00:00;6127.155
2024-02-04 08:00:00;6425.828
2024-02-04 09:00:00;6686.27
2024-02-04 10:00:00;6713.034
2024-02-04 11:00:00;6775.799
2024-02-04 12:00:00;6524.673
2024-02-04 13:00:00;6257.85
2024-02-04 14:00:00;6094.398
2024-02-04 15:00:00;6251.201
2024-02-04 16:00:00;6467.496
2024-02-04 17:00:00;6974.58
2024-02-04 18:00:00;7115.658
2024-02-04 19:00:00;6910.854
2024-02-04 20:00:00;6565.537
2024-02-04 21:00:00;6243.326
2024-02-04 22:00:00;6237.212
2024-02-04 23:00:00;5976.273
2024-02-05 00:00:00;5824.395
2024-02-05 01:00:00;5541.415
2024-02-05 02:00:00;5482.243
2024-02-05 03:00:00;5438.99
2024-02-05 04:00:00;5648.587
2024-02-05 05:00:00;6410.375
2024-02-05 06:00:00;7582.133
2024-02-05 07:00:00;8430.958
2024-02-05 08:00:00;8741.266
2024-02-05 09:00:00;8613.038
2024-02-05 10:00:00;8412.111
2024-02-05 11:00:00;8280.722
2024-02-05 12:00:00;7782.998
2024-02-05 13:00:00;7531.521
2024-02-05 14:00:00;7450.237
2024-02-05 15:00:00;7624.185
2024-02-05 16:00:00;7962.813
2024-02-05 17:00:00;8455.993
2024-02-05 18:00:00;8496.263
2024-02-05 19:00:00;8134.903
2024-02-05 20:00:00;7609.996
2024-02-05 21:00:00;7099.29
2024-02-05 22:00:00;6866.363
2024-02-05 23:00:00;6433.835
2024-02-06 00:00:00;6143.302
2024-02-06 01:00:00;5870.338
2024-02-06 02:00:00;5748.373
2024-02-06 03:00:00;5681.923
2024-02-06 04:00:00;5918.821
2024-02-06 05:00:00;6650.068
2024-02-06 06:00:00;7726.355
2024-02-06 07:00:00;8555.185
2024-02-06 08:00:00;8683.753
2024-02-06 09:00:00;8368.847
2024-02-06 10:00:00;8161.904
2024-02-06 11:00:00;8110.923
2024-02-06 12:00:00;7827.52
2024-02-06 13:00:00;7702.678
2024-02-06 14:00:00;7726.904
2024-02-06 15:00:00;7919.825
2024-02-06 16:00:00;8130.268
2024-02-06 17:00:00;8600.972
2024-02-06 18:00:00;8634.924
2024-02-06 19:00:00;8275.347
2024-02-06 20:00:00;7752.976
2024-02-06 21:00:00;7221.279
2024-02-06 22:00:00;6952.226
2024-02-06 23:00:00;6522.463
2024-02-07 00:00:00;6220.796
2024-02-07 01:00:00;6008.024
2024-02-07 02:00:00;5871.97
2024-02-07 03:00:00;5832.323
2024-02-07 04:00:00;5989.243
2024-02-07 05:00:00;6706.053
2024-02-07 06:00:00;7872.047
2024-02-07 07:00:00;8606.328
2024-02-07 08:00:00;8725.022
2024-02-07 09:00:00;8629.738
2024-02-07 10:00:00;8335.038
2024-02-07 11:00:00;8244.733
2024-02-07 12:00:00;8115.983
2024-02-07 13:00:00;8200.237
2024-02-07 14:00:00;8116.501
2024-02-07 15:00:00;8167.175
2024-02-07 16:00:00;8321.28
2024-02-07 17:00:00;8650.053
2024-02-07 18:00:00;8666.138
2024-02-07 19:00:00;8256.869
2024-02-07 20:00:00;7721.495
2024-02-07 21:00:00;7154.257
2024-02-07 22:00:00;6908.658
2024-02-07 23:00:00;6449.685
2024-02-08 00:00:00;6142.325
2024-02-08 01:00:00;5849.081
2024-02-08 02:00:00;5735.812
2024-02-08 03:00:00;5702.992
2024-02-08 04:00:00;5866.212
2024-02-08 05:00:00;6559.761
2024-02-08 06:00:00;7706.162
2024-02-08 07:00:00;8484.326
2024-02-08 08:00:00;8725.79
2024-02-08 09:00:00;8690.24
2024-02-08 10:00:00;8466.041
2024-02-08 11:00:00;8349.809
2024-02-08 12:00:00;8111.155
2024-02-08 13:00:00;7987.411
2024-02-08 14:00:00;7922.379
2024-02-08 15:00:00;8051.202
2024-02-08 16:00:00;8257.568
2024-02-08 17:00:00;8632.901
2024-02-08 18:00:00;8611.11
2024-02-08 19:00:00;8206.35
2024-02-08 20:00:00;7699.002
2024-02-08 21:00:00;7097.744
2024-02-08 22:00:00;6873.474
2024-02-08 23:00:00;6386.982
2024-02-09 00:00:00;6082.404
2024-02-09 01:00:00;5832.413
2024-02-09 02:00:00;5700.942
2024-02-09 03:00:00;5643.69
2024-02-09 04:00:00;5831.233
2024-02-09 05:00:00;6490.709
2024-02-09 06:00:00;7523.458
2024-02-09 07:00:00;8365.559
2024-02-09 08:00:00;8659.872
2024-02-09 09:00:00;8639.3
2024-02-09 10:00:00;8395.678
2024-02-09 11:00:00;8260.867
2024-02-09 12:00:00;8129.149
2024-02-09 13:00:00;7980.46
2024-02-09 14:00:00;7848.247
2024-02-09 15:00:00;7809.67
2024-02-09 16:00:00;7953.975
2024-02-09 17:00:00;8356.803
2024-02-09 18:00:00;8297.186
2024-02-09 19:00:00;7865.037
2024-02-09 20:00:00;7282.075
2024-02-09 21:00:00;6684.298
2024-02-09 22:00:00;6510.748
2024-02-09 23:00:00;6065.771
2024-02-10 00:00:00;5778.686
2024-02-10 01:00:00;5511.458
2024-02-10 02:00:00;5347.563
2024-02-10 03:00:00;5218.954
2024-02-10 04:00:00;5274.615
2024-02-10 05:00:00;5597.598
2024-02-10 06:00:00;6019.211
2024-02-10 07:00:00;6381.777
2024-02-10 08:00:00;6579.893
2024-02-10 09:00:00;6785.616
2024-02-10 10:00:00;6869.915
2024-02-10 11:00:00;6965.101
2024-02-10 12:00:00;6820.357
2024-02-10 13:00:00;6548.378
2024-02-10 14:00:00;6509.246
2024-02-10 15:00:00;6652.868
2024-02-10 16:00:00;6795.588
2024-02-10 17:00:00;7157.738
2024-02-10 18:00:00;7159.827
2024-02-10 19:00:00;6842.885
2024-02-10 20:00:00;6432.426
2024-02-10 21:00:00;6051.106
2024-02-10 22:00:00;6013.561
2024-02-10 23:00:00;5645.323
2024-02-11 00:00:00;5381.944
2024-02-11 01:00:00;5105.043
2024-02-11 02:00:00;5031.982
2024-02-11 03:00:00;4924.24
2024-02-11 04:00:00;4962.135
2024-02-11 05:00:00;5172.135
2024-02-11 06:00:00;5438.779
2024-02-11 07:00:00;5895.804
2024-02-11 08:00:00;6294.058
2024-02-11 09:00:00;6741.764
2024-02-11 10:00:00;7036.64
2024-02-11 11:00:00;7216.294
2024-02-11 12:00:00;7028.693
2024-02-11 13:00:00;6774.775
2024-02-11 14:00:00;6608.246
2024-02-11 15:00:00;6588.61
2024-02-11 16:00:00;6640.46
2024-02-11 17:00:00;7022.422
2024-02-11 18:00:00;7220.386
2024-02-11 19:00:00;7034.385
2024-02-11 20:00:00;6634.325
2024-02-11 21:00:00;6261.456
2024-02-11 22:00:00;6293.884
2024-02-11 23:00:00;5963.654
2024-02-12 00:00:00;5731.8
2024-02-12 01:00:00;5492.55
2024-02-12 02:00:00;5455.407
2024-02-12 03:00:00;5419.236
2024-02-12 04:00:00;5652.827
2024-02-12 05:00:00;6340.139
2024-02-12 06:00:00;7554.083
2024-02-12 07:00:00;8463.468
2024-02-12 08:00:00;8715.23
2024-02-12 09:00:00;8650.052
2024-02-12 10:00:00;8483.134
2024-02-12 11:00:00;8412.975
2024-02-12 12:00:00;8157.999
2024-02-12 13:00:00;8125.945
2024-02-12 14:00:00;8079.655
2024-02-12 15:00:00;8092.286
2024-02-12 16:00:00;8251.813
2024-02-12 17:00:00;8657.822
2024-02-12 18:00:00;8695.653
2024-02-12 19:00:00;8298.242
2024-02-12 20:00:00;7749.861
2024-02-12 21:00:00;7176.857
2024-02-12 22:00:00;6930.99
2024-02-12 23:00:00;6441.071
2024-02-13 00:00:00;6132.219
2024-02-13 01:00:00;5885.173
2024-02-13 02:00:00;5772.394
2024-02-13 03:00:00;5682.628
2024-02-13 04:00:00;5856.524
2024-02-13 05:00:00;6570.266
2024-02-13 06:00:00;7757.265
2024-02-13 07:00:00;8594.609
2024-02-13 08:00:00;8910.834
2024-02-13 09:00:00;8787.224
2024-02-13 10:00:00;8475.071
2024-02-13 11:00:00;8281.892
2024-02-13 12:00:00;7978.234
2024-02-13 13:00:00;7660.238
2024-02-13 14:00:00;7523.409
2024-02-13 15:00:00;7586.994
2024-02-13 16:00:00;7918.086
2024-02-13 17:00:00;8477.049
2024-02-13 18:00:00;8698.757
2024-02-13 19:00:00;8407.077
2024-02-13 20:00:00;7911.449
2024-02-13 21:00:00;7355.623
2024-02-13 22:00:00;7127.272
2024-02-13 23:00:00;6657.365
2024-02-14 00:00:00;6389.993
2024-02-14 01:00:00;6117.393
2024-02-14 02:00:00;6040.572
2024-02-14 03:00:00;5986.773
2024-02-14 04:00:00;6200.999
2024-02-14 05:00:00;6853.377
2024-02-14 06:00:00;8015.912
2024-02-14 07:00:00;8767.886
2024-02-14 08:00:00;8768.435
2024-02-14 09:00:00;8576.696
2024-02-14 10:00:00;8330.121
2024-02-14 11:00:00;8134.066
2024-02-14 12:00:00;7888.995
2024-02-14 13:00:00;7879.95
2024-02-14 14:00:00;7902.7
2024-02-14 15:00:00;8062.524
2024-02-14 16:00:00;8236.084
2024-02-14 17:00:00;8640.092
2024-02-14 18:00:00;8716.191
2024-02-14 19:00:00;8344.043
2024-02-14 20:00:00;7782.296
2024-02-14 21:00:00;7187.51
2024-02-14 22:00:00;7004.491
2024-02-14 23:00:00;6487.726
2024-02-15 00:00:00;6129.68
2024-02-15 01:00:00;5839.707
2024-02-15 02:00:00;5758.768
2024-02-15 03:00:00;5701.78
2024-02-15 04:00:00;5879.957
2024-02-15 05:00:00;6544.844
2024-02-15 06:00:00;7715.047
2024-02-15 07:00:00;8532.754
2024-02-15 08:00:00;8790.537
2024-02-15 09:00:00;8660.34
2024-02-15 10:00:00;8370.019
2024-02-15 11:00:00;8059.875
2024-02-15 12:00:00;7658.315
2024-02-15 13:00:00;7505.126
2024-02-15 14:00:00;7434.859
2024-02-15 15:00:00;7560.24
2024-02-15 16:00:00;7908.349
2024-02-15 17:00:00;8399.047
2024-02-15 18:00:00;8547.907
2024-02-15 19:00:00;8217.693
2024-02-15 20:00:00;7728.645
2024-02-15 21:00:00;7162.88
2024-02-15 22:00:00;6965.249
2024-02-15 23:00:00;6463.823
2024-02-16 00:00:00;6177.332
2024-02-16 01:00:00;5916.065
2024-02-16 02:00:00;5857.442
2024-02-16 03:00:00;5824.377
2024-02-16 04:00:00;6003.495
2024-02-16 05:00:00;6644.412
2024-02-16 06:00:00;7800.377
2024-02-16 07:00:00;8522.709
2024-02-16 08:00:00;8654.75
2024-02-16 09:00:00;8522.635
2024-02-16 10:00:00;8240.824
2024-02-16 11:00:00;7898.859
2024-02-16 12:00:00;7449.501
2024-02-16 13:00:00;7081.198
2024-02-16 14:00:00;6884.724
2024-02-16 15:00:00;7048.354
2024-02-16 16:00:00;7440.49
2024-02-16 17:00:00;8100.325
2024-02-16 18:00:00;8278.911
2024-02-16 19:00:00;7833.681
2024-02-16 20:00:00;7325.657
2024-02-16 21:00:00;6776.873
2024-02-16 22:00:00;6614.329
2024-02-16 23:00:00;6182.041
2024-02-17 00:00:00;5848.25
2024-02-17 01:00:00;5559.589
2024-02-17 02:00:00;5411.915
2024-02-17 03:00:00;5265.89
2024-02-17 04:00:00;5342.505
2024-02-17 05:00:00;5668.524
2024-02-17 06:00:00;6072.558
2024-02-17 07:00:00;6468.84
2024-02-17 08:00:00;6905.39
2024-02-17 09:00:00;7232.295
2024-02-17 10:00:00;7507.787
2024-02-17 11:00:00;7686.656
2024-02-17 12:00:00;7427.87
2024-02-17 13:00:00;7167.759
2024-02-17 14:00:00;6889.402
2024-02-17 15:00:00;6764.615
2024-02-17 16:00:00;6799.236
2024-02-17 17:00:00;7229.668
2024-02-17 18:00:00;7321.467
2024-02-17 19:00:00;6975.8
2024-02-17 20:00:00;6557.729
2024-02-17 21:00:00;6158.463
2024-02-17 22:00:00;6080.682
2024-02-17 23:00:00;5650.277
2024-02-18 00:00:00;5339.967
2024-02-18 01:00:00;5072.381
2024-02-18 02:00:00;5005.603
2024-02-18 03:00:00;4940.435
2024-02-18 04:00:00;4987.324
2024-02-18 05:00:00;5199.603
2024-02-18 06:00:00;5445.525
2024-02-18 07:00:00;5813.192
2024-02-18 08:00:00;6134.507
2024-02-18 09:00:00;6330.259
2024-02-18 10:00:00;6326.143
2024-02-18 11:00:00;6209.885
2024-02-18 12:00:00;5829.923
2024-02-18 13:00:00;5505.487
2024-02-18 14:00:00;5304.064
2024-02-18 15:00:00;5426.753
2024-02-18 16:00:00;5877.203
2024-02-18 17:00:00;6651.04
2024-02-18 18:00:00;7018.102
2024-02-18 19:00:00;6844.271
2024-02-18 20:00:00;6513.789
2024-02-18 21:00:00;6141.929
2024-02-18 22:00:00;6122.959
2024-02-18 23:00:00;5825.013
2024-02-19 00:00:00;5595.309
2024-02-19 01:00:00;5412.698
2024-02-19 02:00:00;5367.096
2024-02-19 03:00:00;5336.921
2024-02-19 04:00:00;5544.369
2024-02-19 05:00:00;6308.15
2024-02-19 06:00:00;7539.165
2024-02-19 07:00:00;8450.981
2024-02-19 08:00:00;8824.054
2024-02-19 09:00:00;8800.831
2024-02-19 10:00:00;8660.362
2024-02-19 11:00:00;8644.339
2024-02-19 12:00:00;8373.038
2024-02-19 13:00:00;8230.791
2024-02-19 14:00:00;8128.067
2024-02-19 15:00:00;8154.868
2024-02-19 16:00:00;8254.063
2024-02-19 17:00:00;8582.654
2024-02-19 18:00:00;8704.971
2024-02-19 19:00:00;8263.826
2024-02-19 20:00:00;7725.176
2024-02-19 21:00:00;7119.077
2024-02-19 22:00:00;6847.957
2024-02-19 23:00:00;6335.959
2024-02-20 00:00:00;6063.073
2024-02-20 01:00:00;5813.416
2024-02-20 02:00:00;5700.546
2024-02-20 03:00:00;5642.194
2024-02-20 04:00:00;5829.439
2024-02-20 05:00:00;6576.165
2024-02-20 06:00:00;7794.114
2024-02-20 07:00:00;8552.428
2024-02-20 08:00:00;8786.982
2024-02-20 09:00:00;8736.477
2024-02-20 10:00:00;8565.15
2024-02-20 11:00:00;8300.595
2024-02-20 12:00:00;7938.885
2024-02-20 13:00:00;7923.078
2024-02-20 14:00:00;7714.033
2024-02-20 15:00:00;7845.685
2024-02-20 16:00:00;8058.305
2024-02-20 17:00:00;8542.927
2024-02-20 18:00:00;8705.413
2024-02-20 19:00:00;8311.605
2024-02-20 20:00:00;7745.657
2024-02-20 21:00:00;7168.747
2024-02-20 22:00:00;6938.823
2024-02-20 23:00:00;6437.785
2024-02-21 00:00:00;6142.727
2024-02-21 01:00:00;5902.734
2024-02-21 02:00:00;5774.212
2024-02-21 03:00:00;5739.041
2024-02-21 04:00:00;5944.563
2024-02-21 05:00:00;6657.884
2024-02-21 06:00:00;7867.075
2024-02-21 07:00:00;8562.419
2024-02-21 08:00:00;8679.465
2024-02-21 09:00:00;8391.075
2024-02-21 10:00:00;8206.829
2024-02-21 11:00:00;8097.36
2024-02-21 12:00:00;7841.995
2024-02-21 13:00:00;7693.961
2024-02-21 14:00:00;7458.153
2024-02-21 15:00:00;7581.848
2024-02-21 16:00:00;7883.45
2024-02-21 17:00:00;8455.091
2024-02-21 18:00:00;8693.129
2024-02-21 19:00:00;8332.795
2024-02-21 20:00:00;7747.792
2024-02-21 21:00:00;7184.543
2024-02-21 22:00:00;6905.995
2024-02-21 23:00:00;6439.932
2024-02-22 00:00:00;6146.556
2024-02-22 01:00:00;5901.281
2024-02-22 02:00:00;5810.516
2024-02-22 03:00:00;5720.239
2024-02-22 04:00:00;5930.079
2024-02-22 05:00:00;6591.026
2024-02-22 06:00:00;7827.352
2024-02-22 07:00:00;8510.815
2024-02-22 08:00:00;8681.84
2024-02-22 09:00:00;8790.885
2024-02-22 10:00:00;8738.924
2024-02-22 11:00:00;8764.84
2024-02-22 12:00:00;8490.895
2024-02-22 13:00:00;8353.64
2024-02-22 14:00:00;7962.492
2024-02-22 15:00:00;7974.456
2024-02-22 16:00:00;8189.064
2024-02-22 17:00:00;8575.664
2024-02-22 18:00:00;8638.587
2024-02-22 19:00:00;8265.584
2024-02-22 20:00:00;7698.454
2024-02-22 21:00:00;7119.235
2024-02-22 22:00:00;6870.822
2024-02-22 23:00:00;6442.432
2024-02-23 00:00:00;6134.124
2024-02-23 01:00:00;5819.146
2024-02-23 02:00:00;5724.652
2024-02-23 03:00:00;5687.327
2024-02-23 04:00:00;5844.613
2024-02-23 05:00:00;6540.599
2024-02-23 06:00:00;7583.015
2024-02-23 07:00:00;8416.543
2024-02-23 08:00:00;8878.687
2024-02-23 09:00:00;9015.457
2024-02-23 10:00:00;8980.157
2024-02-23 11:00:00;9061.936
2024-02-23 12:00:00;8894.228
2024-02-23 13:00:00;8727.076
2024-02-23 14:00:00;8582.113
2024-02-23 15:00:00;8505.425
2024-02-23 16:00:00;8497.265
2024-02-23 17:00:00;8660.284
2024-02-23 18:00:00;8649.225
2024-02-23 19:00:00;8239.197
2024-02-23 20:00:00;7681.671
2024-02-23 21:00:00;7158.342
2024-02-23 22:00:00;7004.364
2024-02-23 23:00:00;6515.783
2024-02-24 00:00:00;6206.381
2024-02-24 01:00:00;5877.516
2024-02-24 02:00:00;5737.973
2024-02-24 03:00:00;5604.107
2024-02-24 04:00:00;5641.764
2024-02-24 05:00:00;5917.985
2024-02-24 06:00:00;6326.407
2024-02-24 07:00:00;6718.944
2024-02-24 08:00:00;7027.668
2024-02-24 09:00:00;7134.885
2024-02-24 10:00:00;7115.082
2024-02-24 11:00:00;7016.823
2024-02-24 12:00:00;6711.941
2024-02-24 13:00:00;6562.86
2024-02-24 14:00:00;6417.655
2024-02-24 15:00:00;6419.442
2024-02-24 16:00:00;6568.026
2024-02-24 17:00:00;7093.368
2024-02-24 18:00:00;7301.44
2024-02-24 19:00:00;7067.315
2024-02-24 20:00:00;6653.009
2024-02-24 21:00:00;6287.034
2024-02-24 22:00:00;6243.475
2024-02-24 23:00:00;5868.749
2024-02-25 00:00:00;5642.956
2024-02-25 01:00:00;5385.423
2024-02-25 02:00:00;5319.751
2024-02-25 03:00:00;5190.683
2024-02-25 04:00:00;5212.413
2024-02-25 05:00:00;5385.221
2024-02-25 06:00:00;5682.569
2024-02-25 07:00:00;5987.175
2024-02-25 08:00:00;6276.166
2024-02-25 09:00:00;6594.153
2024-02-25 10:00:00;6745.465
2024-02-25 11:00:00;6706.793
2024-02-25 12:00:00;6235.032
2024-02-25 13:00:00;5750.009
2024-02-25 14:00:00;5415.681
2024-02-25 15:00:00;5408.809
2024-02-25 16:00:00;5801.006
2024-02-25 17:00:00;6583.174
2024-02-25 18:00:00;7088.184
2024-02-25 19:00:00;6926.769
2024-02-25 20:00:00;6642.152
2024-02-25 21:00:00;6280.322
2024-02-25 22:00:00;6340.865
2024-02-25 23:00:00;5987.064
2024-02-26 00:00:00;5770.122
2024-02-26 01:00:00;5569.448
2024-02-26 02:00:00;5562.253
2024-02-26 03:00:00;5539.496
2024-02-26 04:00:00;5781.802
2024-02-26 05:00:00;6544.943
2024-02-26 06:00:00;7798.365
2024-02-26 07:00:00;8447.85
2024-02-26 08:00:00;8433.075
2024-02-26 09:00:00;8227.313
2024-02-26 10:00:00;8112.777
2024-02-26 11:00:00;8170.752
2024-02-26 12:00:00;8107.467
2024-02-26 13:00:00;8175.992
2024-02-26 14:00:00;8045.645
2024-02-26 15:00:00;8009.929
2024-02-26 16:00:00;8107.542
2024-02-26 17:00:00;8467.22
2024-02-26 18:00:00;8647.872
2024-02-26 19:00:00;8300.737
2024-02-26 20:00:00;7760.795
2024-02-26 21:00:00;7172.282
2024-02-26 22:00:00;6929.069
2024-02-26 23:00:00;6420.683
2024-02-27 00:00:00;6169.958
2024-02-27 01:00:00;5905.158
2024-02-27 02:00:00;5810.117
2024-02-27 03:00:00;5770.615
2024-02-27 04:00:00;6003.075
2024-02-27 05:00:00;6708.683
2024-02-27 06:00:00;7936.248
2024-02-27 07:00:00;8520.871
2024-02-27 08:00:00;8559.002
2024-02-27 09:00:00;8428.807
2024-02-27 10:00:00;8361.767
2024-02-27 11:00:00;8383.538
2024-02-27 12:00:00;8319.113
2024-02-27 13:00:00;8283.793
2024-02-27 14:00:00;8161.284
2024-02-27 15:00:00;8199.08
2024-02-27 16:00:00;8222.078
2024-02-27 17:00:00;8515.581
2024-02-27 18:00:00;8663.111
2024-02-27 19:00:00;8328.537
2024-02-27 20:00:00;7772.196
2024-02-27 21:00:00;7194.902
2024-02-27 22:00:00;6936.591
2024-02-27 23:00:00;6419.489
2024-02-28 00:00:00;6136.945
2024-02-28 01:00:00;5862.479
2024-02-28 02:00:00;5749.695
2024-02-28 03:00:00;5707.559
2024-02-28 04:00:00;5902.176
2024-02-28 05:00:00;6630.969
2024-02-28 06:00:00;7821.551
2024-02-28 07:00:00;8475.48
2024-02-28 08:00:00;8703.531
2024-02-28 09:00:00;8647.775
2024-02-28 10:00:00;8555.62
2024-02-28 11:00:00;8366.113
2024-02-28 12:00:00;8028.748
2024-02-28 13:00:00;7898.217
2024-02-28 14:00:00;7867.011
2024-02-28 15:00:00;8020.642
2024-02-28 16:00:00;8200.533
2024-02-28 17:00:00;8542.499
2024-02-28 18:00:00;8673.663
2024-02-28 19:00:00;8336.118
2024-02-28 20:00:00;7797.825
2024-02-28 21:00:00;7179.816
2024-02-28 22:00:00;6924.411
2024-02-28 23:00:00;6427.157
2024-02-29 00:00:00;6070.747
2024-02-29 01:00:00;5781.245
2024-02-29 02:00:00;5708.9
2024-02-29 03:00:00;5649.621
2024-02-29 04:00:00;5852.664
2024-02-29 05:00:00;6600.105
2024-02-29 06:00:00;7813.709
2024-02-29 07:00:00;8528.954
2024-02-29 08:00:00;8736.306
2024-02-29 09:00:00;8633.64
2024-02-29 10:00:00;8388.989
2024-02-29 11:00:00;8069.413
2024-02-29 12:00:00;7576.157
2024-02-29 13:00:00;7391.286
2024-02-29 14:00:00;7381.154
2024-02-29 15:00:00;7521.867
2024-02-29 16:00:00;7768.973
2024-02-29 17:00:00;8164.219
2024-02-29 18:00:00;8470.713
2024-02-29 19:00:00;8175.844
2024-02-29 20:00:00;7626.672
2024-02-29 21:00:00;7040.841
2024-02-29 22:00:00;6799.128
2024-02-29 23:00:00;6326.068
2024-03-01 00:00:00;6056.756
2024-03-01 01:00:00;5751.115
2024-03-01 02:00:00;5655.539
2024-03-01 03:00:00;5582.334
2024-03-01 04:00:00;5755.404
2024-03-01 05:00:00;6440.623
2024-03-01 06:00:00;7589.43
2024-03-01 07:00:00;8345.543
2024-03-01 08:00:00;8601.115
2024-03-01 09:00:00;8582.631
2024-03-01 10:00:00;8572.297
2024-03-01 11:00:00;8556.418
2024-03-01 12:00:00;8416.066
2024-03-01 13:00:00;8276.402
2024-03-01 14:00:00;8208.644
2024-03-01 15:00:00;8210.236
2024-03-01 16:00:00;8126.577
2024-03-01 17:00:00;8315.257
2024-03-01 18:00:00;8332.323
2024-03-01 19:00:00;7940.325
2024-03-01 20:00:00;7401.704
2024-03-01 21:00:00;6840.557
2024-03-01 22:00:00;6571.771
2024-03-01 23:00:00;6088.335
2024-03-02 00:00:00;5808.078
2024-03-02 01:00:00;5503.106
2024-03-02 02:00:00;5356.09
2024-03-02 03:00:00;5251.976
2024-03-02 04:00:00;5273.879
2024-03-02 05:00:00;5594.435
2024-03-02 06:00:00;6015.231
2024-03-02 07:00:00;6373.044
2024-03-02 08:00:00;6682.459
2024-03-02 09:00:00;6868.27
2024-03-02 10:00:00;6817.714
2024-03-02 11:00:00;6676.864
2024-03-02 12:00:00;6338.234
2024-03-02 13:00:00;6046.323
2024-03-02 14:00:00;5779.638
2024-03-02 15:00:00;5877.859
2024-03-02 16:00:00;6118.537
2024-03-02 17:00:00;6712.839
2024-03-02 18:00:00;7064.449
2024-03-02 19:00:00;6815.611
2024-03-02 20:00:00;6458.837
2024-03-02 21:00:00;6050.011
2024-03-02 22:00:00;5997.38
2024-03-02 23:00:00;5595.486
2024-03-03 00:00:00;5313.76
2024-03-03 01:00:00;5070.195
2024-03-03 02:00:00;4961.075
2024-03-03 03:00:00;4867.459
2024-03-03 04:00:00;4942.736
2024-03-03 05:00:00;5113.528
2024-03-03 06:00:00;5386.428
2024-03-03 07:00:00;5537.188
2024-03-03 08:00:00;5645.311
2024-03-03 09:00:00;5793.564
2024-03-03 10:00:00;5932.393
2024-03-03 11:00:00;5973.506
2024-03-03 12:00:00;5787.957
2024-03-03 13:00:00;5582.592
2024-03-03 14:00:00;5419.406
2024-03-03 15:00:00;5473.583
2024-03-03 16:00:00;5669.883
2024-03-03 17:00:00;6212.958
2024-03-03 18:00:00;6709.453
2024-03-03 19:00:00;6663.181
2024-03-03 20:00:00;6323.893
2024-03-03 21:00:00;5970.236
2024-03-03 22:00:00;6011.074
2024-03-03 23:00:00;5665.674
2024-03-04 00:00:00;5458.303
2024-03-04 01:00:00;5292.292
2024-03-04 02:00:00;5234.569
2024-03-04 03:00:00;5217.368
2024-03-04 04:00:00;5500.103
2024-03-04 05:00:00;6264.818
2024-03-04 06:00:00;7523.504
2024-03-04 07:00:00;8085.269
2024-03-04 08:00:00;8060.353
2024-03-04 09:00:00;7877.592
2024-03-04 10:00:00;7671.481
2024-03-04 11:00:00;7509.221
2024-03-04 12:00:00;7272.297
2024-03-04 13:00:00;7223.868
2024-03-04 14:00:00;7071.979
2024-03-04 15:00:00;7131.068
2024-03-04 16:00:00;7405.931
2024-03-04 17:00:00;7952.343
2024-03-04 18:00:00;8294.055
2024-03-04 19:00:00;8000.162
2024-03-04 20:00:00;7434.881
2024-03-04 21:00:00;6876.743
2024-03-04 22:00:00;6594.093
2024-03-04 23:00:00;6082.602
2024-03-05 00:00:00;5776.382
2024-03-05 01:00:00;5556.408
2024-03-05 02:00:00;5469.557
2024-03-05 03:00:00;5395.094
2024-03-05 04:00:00;5597.856
2024-03-05 05:00:00;6326.156
2024-03-05 06:00:00;7542.601
2024-03-05 07:00:00;8114.335
2024-03-05 08:00:00;8299.363
2024-03-05 09:00:00;8302.863
2024-03-05 10:00:00;8262.809
2024-03-05 11:00:00;8207.573
2024-03-05 12:00:00;8028.188
2024-03-05 13:00:00;7949.245
2024-03-05 14:00:00;7814.514
2024-03-05 15:00:00;7785.929
2024-03-05 16:00:00;7856.374
2024-03-05 17:00:00;8138.925
2024-03-05 18:00:00;8438.203
2024-03-05 19:00:00;8146.663
2024-03-05 20:00:00;7597.739
2024-03-05 21:00:00;7011.311
2024-03-05 22:00:00;6750.431
2024-03-05 23:00:00;6271.027
2024-03-06 00:00:00;6021.348
2024-03-06 01:00:00;5747.661
2024-03-06 02:00:00;5658.723
2024-03-06 03:00:00;5644.243
2024-03-06 04:00:00;5807.91
2024-03-06 05:00:00;6596.707
2024-03-06 06:00:00;7731.557
2024-03-06 07:00:00;8365.039
2024-03-06 08:00:00;8559.208
2024-03-06 09:00:00;8567.555
2024-03-06 10:00:00;8567.865
2024-03-06 11:00:00;8554.776
2024-03-06 12:00:00;8319.807
2024-03-06 13:00:00;8246.937
2024-03-06 14:00:00;8126.265
2024-03-06 15:00:00;8154.866
2024-03-06 16:00:00;8266.344
2024-03-06 17:00:00;8465.8
2024-03-06 18:00:00;8683.352
2024-03-06 19:00:00;8412.109
2024-03-06 20:00:00;7817.804
2024-03-06 21:00:00;7236.549
2024-03-06 22:00:00;6983.795
2024-03-06 23:00:00;6458.106
2024-03-07 00:00:00;6175.581
2024-03-07 01:00:00;5937.799
2024-03-07 02:00:00;5847.54
2024-03-07 03:00:00;5796.985
2024-03-07 04:00:00;5982.252
2024-03-07 05:00:00;6699.099
2024-03-07 06:00:00;7852.8
2024-03-07 07:00:00;8536.892
2024-03-07 08:00:00;8709.117
2024-03-07 09:00:00;8594.393
2024-03-07 10:00:00;8490.118
2024-03-07 11:00:00;8425.927
2024-03-07 12:00:00;8262.008
2024-03-07 13:00:00;8265.195
2024-03-07 14:00:00;8229.553
2024-03-07 15:00:00;8253.763
2024-03-07 16:00:00;8343.371
2024-03-07 17:00:00;8620.682
2024-03-07 18:00:00;8911.042
2024-03-07 19:00:00;8616.292
2024-03-07 20:00:00;8011.679
2024-03-07 21:00:00;7443.081
2024-03-07 22:00:00;7161.284
2024-03-07 23:00:00;6652.68
2024-03-08 00:00:00;6374.728
2024-03-08 01:00:00;6110.28
2024-03-08 02:00:00;6023.592
2024-03-08 03:00:00;5980.954
2024-03-08 04:00:00;6177.609
2024-03-08 05:00:00;6899.398
2024-03-08 06:00:00;8008.172
2024-03-08 07:00:00;8569.789
2024-03-08 08:00:00;8617.073
2024-03-08 09:00:00;8528.646
2024-03-08 10:00:00;8354.138
2024-03-08 11:00:00;8158.251
2024-03-08 12:00:00;7861.454
2024-03-08 13:00:00;7570.067
2024-03-08 14:00:00;7316.315
2024-03-08 15:00:00;7254.596
2024-03-08 16:00:00;7482.882
2024-03-08 17:00:00;8061.486
2024-03-08 18:00:00;8456.987
2024-03-08 19:00:00;8183.33
2024-03-08 20:00:00;7649.912
2024-03-08 21:00:00;7005.076
2024-03-08 22:00:00;6785.215
2024-03-08 23:00:00;6361.984
2024-03-09 00:00:00;6033.544
2024-03-09 01:00:00;5724.997
2024-03-09 02:00:00;5587.328
2024-03-09 03:00:00;5484.086
2024-03-09 04:00:00;5524.516
2024-03-09 05:00:00;5831.657
2024-03-09 06:00:00;6175.282
2024-03-09 07:00:00;6490.156
2024-03-09 08:00:00;6718.325
2024-03-09 09:00:00;6867.882
2024-03-09 10:00:00;6916.365
2024-03-09 11:00:00;6956.477
2024-03-09 12:00:00;6779.898
2024-03-09 13:00:00;6531.58
2024-03-09 14:00:00;6297.632
2024-03-09 15:00:00;6159.77
2024-03-09 16:00:00;6406.958
2024-03-09 17:00:00;6937.238
2024-03-09 18:00:00;7193.657
2024-03-09 19:00:00;6959.572
2024-03-09 20:00:00;6549.195
2024-03-09 21:00:00;6150.192
2024-03-09 22:00:00;6077.075
2024-03-09 23:00:00;5679.078
2024-03-10 00:00:00;5442.192
2024-03-10 01:00:00;5155.123
2024-03-10 02:00:00;5087.472
2024-03-10 03:00:00;4971.338
2024-03-10 04:00:00;4988.931
2024-03-10 05:00:00;5176.586
2024-03-10 06:00:00;5407.453
2024-03-10 07:00:00;5710.862
2024-03-10 08:00:00;6006.27
2024-03-10 09:00:00;6194.019
2024-03-10 10:00:00;6263.481
2024-03-10 11:00:00;6269.354
2024-03-10 12:00:00;6128.268
2024-03-10 13:00:00;5998.202
2024-03-10 14:00:00;5822.009
2024-03-10 15:00:00;5677.089
2024-03-10 16:00:00;5956.981
2024-03-10 17:00:00;6422.697
2024-03-10 18:00:00;6814.178
2024-03-10 19:00:00;6734.556
2024-03-10 20:00:00;6376.743
2024-03-10 21:00:00;6026.421
2024-03-10 22:00:00;6034.933
2024-03-10 23:00:00;5770.414
2024-03-11 00:00:00;5574.497
2024-03-11 01:00:00;5384.195
2024-03-11 02:00:00;5372.287
2024-03-11 03:00:00;5306.516
2024-03-11 04:00:00;5506.276
2024-03-11 05:00:00;6236.886
2024-03-11 06:00:00;7473.388
2024-03-11 07:00:00;8107.842
2024-03-11 08:00:00;8222.248
2024-03-11 09:00:00;8068.304
2024-03-11 10:00:00;7896.958
2024-03-11 11:00:00;8102.04
2024-03-11 12:00:00;8245.082
2024-03-11 13:00:00;8468.62
2024-03-11 14:00:00;8465.347
2024-03-11 15:00:00;8469.559
2024-03-11 16:00:00;8478.297
2024-03-11 17:00:00;8679.276
2024-03-11 18:00:00;8622.341
2024-03-11 19:00:00;8323.125
2024-03-11 20:00:00;7744.498
2024-03-11 21:00:00;7113.514
2024-03-11 22:00:00;6850.817
2024-03-11 23:00:00;6421.051
2024-03-12 00:00:00;6096.639
2024-03-12 01:00:00;5841.287
2024-03-12 02:00:00;5723.616
2024-03-12 03:00:00;5651.594
2024-03-12 04:00:00;5865.769
2024-03-12 05:00:00;6577.758
2024-03-12 06:00:00;7784.14
2024-03-12 07:00:00;8452.624
2024-03-12 08:00:00;8747.591
2024-03-12 09:00:00;8768.269
2024-03-12 10:00:00;8757.782
2024-03-12 11:00:00;8761.174
2024-03-12 12:00:00;8494.103
2024-03-12 13:00:00;8335.592
2024-03-12 14:00:00;8228.899
2024-03-12 15:00:00;8181.057
2024-03-12 16:00:00;8216.732
2024-03-12 17:00:00;8538.651
2024-03-12 18:00:00;8672.329
2024-03-12 19:00:00;8367
2024-03-12 20:00:00;7806.385
2024-03-12 21:00:00;7159.027
2024-03-12 22:00:00;6883.435
2024-03-12 23:00:00;6401.367
2024-03-13 00:00:00;6065.224
2024-03-13 01:00:00;5870.876
2024-03-13 02:00:00;5738.208
2024-03-13 03:00:00;5701.079
2024-03-13 04:00:00;5875.999
2024-03-13 05:00:00;6669.182
2024-03-13 06:00:00;7762.107
2024-03-13 07:00:00;8134.214
2024-03-13 08:00:00;8122.671
2024-03-13 09:00:00;7911.331
2024-03-13 10:00:00;7834.477
2024-03-13 11:00:00;7790.306
2024-03-13 12:00:00;7670.31
2024-03-13 13:00:00;7747.797
2024-03-13 14:00:00;7681.678
2024-03-13 15:00:00;7597.137
2024-03-13 16:00:00;7722.279
2024-03-13 17:00:00;8115.373
2024-03-13 18:00:00;8439.716
2024-03-13 19:00:00;8232.662
2024-03-13 20:00:00;7733.164
2024-03-13 21:00:00;7101.551
2024-03-13 22:00:00;6832.157
2024-03-13 23:00:00;6330.667
2024-03-14 00:00:00;6021.598
2024-03-14 01:00:00;5770.441
2024-03-14 02:00:00;5642.555
2024-03-14 03:00:00;5658.638
2024-03-14 04:00:00;5870.573
2024-03-14 05:00:00;6629.299
2024-03-14 06:00:00;7688.907
2024-03-14 07:00:00;8175.273
2024-03-14 08:00:00;8185.143
2024-03-14 09:00:00;8040.944
2024-03-14 10:00:00;7984.27
2024-03-14 11:00:00;7813.545
2024-03-14 12:00:00;7481.236
2024-03-14 13:00:00;7276.453
2024-03-14 14:00:00;7077.48
2024-03-14 15:00:00;7122.391
2024-03-14 16:00:00;7375.424
2024-03-14 17:00:00;7895.089
2024-03-14 18:00:00;8265.715
2024-03-14 19:00:00;8086.375
2024-03-14 20:00:00;7591.245
2024-03-14 21:00:00;6998.415
2024-03-14 22:00:00;6803.694
2024-03-14 23:00:00;6362.351
2024-03-15 00:00:00;6079.951
2024-03-15 01:00:00;5786.828
2024-03-15 02:00:00;5693.79
2024-03-15 03:00:00;5675.997
2024-03-15 04:00:00;5860.616
2024-03-15 05:00:00;6545.15
2024-03-15 06:00:00;7530.925
2024-03-15 07:00:00;7841.358
2024-03-15 08:00:00;7838.262
2024-03-15 09:00:00;7716.576
2024-03-15 10:00:00;7582.183
2024-03-15 11:00:00;7465.807
2024-03-15 12:00:00;7151.599
2024-03-15 13:00:00;6968.623
2024-03-15 14:00:00;6896.024
2024-03-15 15:00:00;6815.008
2024-03-15 16:00:00;7003.706
2024-03-15 17:00:00;7501.609
2024-03-15 18:00:00;7819.271
2024-03-15 19:00:00;7652.939
2024-03-15 20:00:00;7093.337
2024-03-15 21:00:00;6513.574
2024-03-15 22:00:00;6283.377
2024-03-15 23:00:00;5861.597
2024-03-16 00:00:00;5566.304
2024-03-16 01:00:00;5311.71
2024-03-16 02:00:00;5182.787
2024-03-16 03:00:00;5081.53
2024-03-16 04:00:00;5091.885
2024-03-16 05:00:00;5388.58
2024-03-16 06:00:00;5733.52
2024-03-16 07:00:00;6030.253
2024-03-16 08:00:00;6330.556
2024-03-16 09:00:00;6581.051
2024-03-16 10:00:00;6584.579
2024-03-16 11:00:00;6497.889
2024-03-16 12:00:00;6317.169
2024-03-16 13:00:00;6065.305
2024-03-16 14:00:00;5887.273
2024-03-16 15:00:00;6036.163
2024-03-16 16:00:00;6218.48
2024-03-16 17:00:00;6613.848
2024-03-16 18:00:00;6896.31
2024-03-16 19:00:00;6718.741
2024-03-16 20:00:00;6317.948
2024-03-16 21:00:00;5920.537
2024-03-16 22:00:00;5848.735
2024-03-16 23:00:00;5442.952
2024-03-17 00:00:00;5156.703
2024-03-17 01:00:00;4860.195
2024-03-17 02:00:00;4808.962
2024-03-17 03:00:00;4748.724
2024-03-17 04:00:00;4813.641
2024-03-17 05:00:00;4980.133
2024-03-17 06:00:00;5133.593
2024-03-17 07:00:00;5249.09
2024-03-17 08:00:00;5445.143
2024-03-17 09:00:00;5651.504
2024-03-17 10:00:00;5751.994
2024-03-17 11:00:00;5813.215
2024-03-17 12:00:00;5513.968
2024-03-17 13:00:00;5245.485
2024-03-17 14:00:00;5033.752
2024-03-17 15:00:00;4996.671
2024-03-17 16:00:00;5363.336
2024-03-17 17:00:00;6080.776
2024-03-17 18:00:00;6606.862
2024-03-17 19:00:00;6605.5
2024-03-17 20:00:00;6318.052
2024-03-17 21:00:00;5912.719
2024-03-17 22:00:00;5905.094
2024-03-17 23:00:00;5522.798
2024-03-18 00:00:00;5299.731
2024-03-18 01:00:00;5104.383
2024-03-18 02:00:00;5046.095
2024-03-18 03:00:00;5032.236
2024-03-18 04:00:00;5258.303
2024-03-18 05:00:00;6003.041
2024-03-18 06:00:00;7145.228
2024-03-18 07:00:00;7740.732
2024-03-18 08:00:00;7892.4
2024-03-18 09:00:00;7808.436
2024-03-18 10:00:00;7838.511
2024-03-18 11:00:00;7848.352
2024-03-18 12:00:00;7694.01
2024-03-18 13:00:00;7595.374
2024-03-18 14:00:00;7550.102
2024-03-18 15:00:00;7541.519
2024-03-18 16:00:00;7621.903
2024-03-18 17:00:00;8017.576
2024-03-18 18:00:00;8318.729
2024-03-18 19:00:00;8100.92
2024-03-18 20:00:00;7565.763
2024-03-18 21:00:00;6947.147
2024-03-18 22:00:00;6666.522
2024-03-18 23:00:00;6201.868
2024-03-19 00:00:00;5931.789
2024-03-19 01:00:00;5689.652
2024-03-19 02:00:00;5608.069
2024-03-19 03:00:00;5590.556
2024-03-19 04:00:00;5814.485
2024-03-19 05:00:00;6532.166
2024-03-19 06:00:00;7553.815
2024-03-19 07:00:00;8035.549
2024-03-19 08:00:00;8140.98
2024-03-19 09:00:00;8062.455
2024-03-19 10:00:00;7952.778
2024-03-19 11:00:00;7846.671
2024-03-19 12:00:00;7522.163
2024-03-19 13:00:00;7264.738
2024-03-19 14:00:00;7025.164
2024-03-19 15:00:00;7008.942
2024-03-19 16:00:00;7271.166
2024-03-19 17:00:00;7870.569
2024-03-19 18:00:00;8266.878
2024-03-19 19:00:00;8154.935
2024-03-19 20:00:00;7655.91
2024-03-19 21:00:00;7074.22
2024-03-19 22:00:00;6797.155
2024-03-19 23:00:00;6336.374
2024-03-20 00:00:00;6041.799
2024-03-20 01:00:00;5829.678
2024-03-20 02:00:00;5736.59
2024-03-20 03:00:00;5720.09
2024-03-20 04:00:00;5947.26
2024-03-20 05:00:00;6682.383
2024-03-20 06:00:00;7624.162
2024-03-20 07:00:00;7877.521
2024-03-20 08:00:00;7766.882
2024-03-20 09:00:00;7554.356
2024-03-20 10:00:00;7385.944
2024-03-20 11:00:00;7258.247
2024-03-20 12:00:00;7038.442
2024-03-20 13:00:00;6883.691
2024-03-20 14:00:00;6635.304
2024-03-20 15:00:00;6642.721
2024-03-20 16:00:00;6998.338
2024-03-20 17:00:00;7627.46
2024-03-20 18:00:00;8056.679
2024-03-20 19:00:00;7983.283
2024-03-20 20:00:00;7473.976
2024-03-20 21:00:00;6925.923
2024-03-20 22:00:00;6663.918
2024-03-20 23:00:00;6271.25
2024-03-21 00:00:00;5952.559
2024-03-21 01:00:00;5697.937
2024-03-21 02:00:00;5605.28
2024-03-21 03:00:00;5594.816
2024-03-21 04:00:00;5765.332
2024-03-21 05:00:00;6500.263
2024-03-21 06:00:00;7546.245
2024-03-21 07:00:00;7982.257
2024-03-21 08:00:00;7902.724
2024-03-21 09:00:00;7825.395
2024-03-21 10:00:00;7985.626
2024-03-21 11:00:00;7996.461
2024-03-21 12:00:00;7867.076
2024-03-21 13:00:00;8042.689
2024-03-21 14:00:00;8045.239
2024-03-21 15:00:00;8012.44
2024-03-21 16:00:00;7929.653
2024-03-21 17:00:00;8122.479
2024-03-21 18:00:00;8268.66
2024-03-21 19:00:00;8015.895
2024-03-21 20:00:00;7496.888
2024-03-21 21:00:00;6882.318
2024-03-21 22:00:00;6643.994
2024-03-21 23:00:00;6164.453
2024-03-22 00:00:00;5827.892
2024-03-22 01:00:00;5588.362
2024-03-22 02:00:00;5431.85
2024-03-22 03:00:00;5395.76
2024-03-22 04:00:00;5636.665
2024-03-22 05:00:00;6341.152
2024-03-22 06:00:00;7410.699
2024-03-22 07:00:00;7906.644
2024-03-22 08:00:00;8030.179
2024-03-22 09:00:00;7807.368
2024-03-22 10:00:00;7362.798
2024-03-22 11:00:00;7028.087
2024-03-22 12:00:00;6785.751
2024-03-22 13:00:00;6672.722
2024-03-22 14:00:00;6456.2
2024-03-22 15:00:00;6543.394
2024-03-22 16:00:00;6861.253
2024-03-22 17:00:00;7405.959
2024-03-22 18:00:00;7683.339
2024-03-22 19:00:00;7475.357
2024-03-22 20:00:00;6944.144
2024-03-22 21:00:00;6406.582
2024-03-22 22:00:00;6182.347
2024-03-22 23:00:00;5748.489
2024-03-23 00:00:00;5501.5
2024-03-23 01:00:00;5224.157
2024-03-23 02:00:00;5112.768
2024-03-23 03:00:00;5003.729
2024-03-23 04:00:00;5051.888
2024-03-23 05:00:00;5367.435
2024-03-23 06:00:00;5670.097
2024-03-23 07:00:00;5845.453
2024-03-23 08:00:00;6036.758
2024-03-23 09:00:00;5882.722
2024-03-23 10:00:00;5800.25
2024-03-23 11:00:00;6074.752
2024-03-23 12:00:00;6290.823
2024-03-23 13:00:00;6614.238
2024-03-23 14:00:00;6702.165
2024-03-23 15:00:00;6743.359
2024-03-23 16:00:00;6812.022
2024-03-23 17:00:00;6987.412
2024-03-23 18:00:00;6991.091
2024-03-23 19:00:00;6730.694
2024-03-23 20:00:00;6410.142
2024-03-23 21:00:00;6014.933
2024-03-23 22:00:00;5994.306
2024-03-23 23:00:00;5635.883
2024-03-24 00:00:00;5372.363
2024-03-24 01:00:00;5126.126
2024-03-24 02:00:00;5052.495
2024-03-24 03:00:00;4934.887
2024-03-24 04:00:00;4939.515
2024-03-24 05:00:00;5122.511
2024-03-24 06:00:00;5426.458
2024-03-24 07:00:00;5693.453
2024-03-24 08:00:00;5908.343
2024-03-24 09:00:00;6162.378
2024-03-24 10:00:00;6274.728
2024-03-24 11:00:00;6338.628
2024-03-24 12:00:00;6022.792
2024-03-24 13:00:00;5708.745
2024-03-24 14:00:00;5528.45
2024-03-24 15:00:00;5522.312
2024-03-24 16:00:00;5802.349
2024-03-24 17:00:00;6287.885
2024-03-24 18:00:00;6754.441
2024-03-24 19:00:00;6708.539
2024-03-24 20:00:00;6485.01
2024-03-24 21:00:00;6087.883
2024-03-24 22:00:00;6102.715
2024-03-24 23:00:00;5758.455
2024-03-25 00:00:00;5600.406
2024-03-25 01:00:00;5412.637
2024-03-25 02:00:00;5333.207
2024-03-25 03:00:00;5323.618
2024-03-25 04:00:00;5524.309
2024-03-25 05:00:00;6258.95
2024-03-25 06:00:00;7326.999
2024-03-25 07:00:00;7968.915
2024-03-25 08:00:00;8145.37
2024-03-25 09:00:00;7964.77
2024-03-25 10:00:00;7792.786
2024-03-25 11:00:00;7651.125
2024-03-25 12:00:00;7212.62
2024-03-25 13:00:00;6994.352
2024-03-25 14:00:00;6845.625
2024-03-25 15:00:00;6756.716
2024-03-25 16:00:00;6915.295
2024-03-25 17:00:00;7534.04
2024-03-25 18:00:00;8046.4
2024-03-25 19:00:00;7998.453
2024-03-25 20:00:00;7532.855
2024-03-25 21:00:00;7003.44
2024-03-25 22:00:00;6729.758
2024-03-25 23:00:00;6260.103
2024-03-26 00:00:00;6025.782
2024-03-26 01:00:00;5777.793
2024-03-26 02:00:00;5702.747
2024-03-26 03:00:00;5675.039
2024-03-26 04:00:00;5880.813
2024-03-26 05:00:00;6590.805
2024-03-26 06:00:00;7430.825
2024-03-26 07:00:00;7798.513
2024-03-26 08:00:00;7733.224
2024-03-26 09:00:00;7488.539
2024-03-26 10:00:00;7277.37
2024-03-26 11:00:00;7151.966
2024-03-26 12:00:00;7042.794
2024-03-26 13:00:00;7087.019
2024-03-26 14:00:00;7202.759
2024-03-26 15:00:00;7483.76
2024-03-26 16:00:00;7689.926
2024-03-26 17:00:00;7867.667
2024-03-26 18:00:00;8090.872
2024-03-26 19:00:00;7966.062
2024-03-26 20:00:00;7435.118
2024-03-26 21:00:00;6926.009
2024-03-26 22:00:00;6660.905
2024-03-26 23:00:00;6227.751
2024-03-27 00:00:00;5882.831
2024-03-27 01:00:00;5588.866
2024-03-27 02:00:00;5479.17
2024-03-27 03:00:00;5484.589
2024-03-27 04:00:00;5630.959
2024-03-27 05:00:00;6320.41
2024-03-27 06:00:00;7148.508
2024-03-27 07:00:00;7640.888
2024-03-27 08:00:00;7813.16
2024-03-27 09:00:00;7537.538
2024-03-27 10:00:00;7218.01
2024-03-27 11:00:00;7161.299
2024-03-27 12:00:00;7032.93
2024-03-27 13:00:00;7373.849
2024-03-27 14:00:00;7478.806
2024-03-27 15:00:00;7653.291
2024-03-27 16:00:00;7723.883
2024-03-27 17:00:00;7978.05
2024-03-27 18:00:00;8069.997
2024-03-27 19:00:00;7872.343
2024-03-27 20:00:00;7362.597
2024-03-27 21:00:00;6867.494
2024-03-27 22:00:00;6550.237
2024-03-27 23:00:00;6121.152
2024-03-28 00:00:00;5816.012
2024-03-28 01:00:00;5551.655
2024-03-28 02:00:00;5485.51
2024-03-28 03:00:00;5488.502
2024-03-28 04:00:00;5623.873
2024-03-28 05:00:00;6288.704
2024-03-28 06:00:00;7109.617
2024-03-28 07:00:00;7467.865
2024-03-28 08:00:00;7490.184
2024-03-28 09:00:00;7197.539
2024-03-28 10:00:00;6992.577
2024-03-28 11:00:00;7199.95
2024-03-28 12:00:00;7365.921
2024-03-28 13:00:00;7805.018
2024-03-28 14:00:00;8161.83
2024-03-28 15:00:00;8178.036
2024-03-28 16:00:00;8003.501
2024-03-28 17:00:00;8118.975
2024-03-28 18:00:00;8289.282
2024-03-28 19:00:00;8039.725
2024-03-28 20:00:00;7487.397
2024-03-28 21:00:00;6948.372
2024-03-28 22:00:00;6690.112
2024-03-28 23:00:00;6232.179
2024-03-29 00:00:00;5959.563
2024-03-29 01:00:00;5696.407
2024-03-29 02:00:00;5606.061
2024-03-29 03:00:00;5523.109
2024-03-29 04:00:00;5676.35
2024-03-29 05:00:00;6269.328
2024-03-29 06:00:00;6949.017
2024-03-29 07:00:00;7208.913
2024-03-29 08:00:00;7292.463
2024-03-29 09:00:00;7197.69
2024-03-29 10:00:00;7177.321
2024-03-29 11:00:00;7356.324
2024-03-29 12:00:00;7134.829
2024-03-29 13:00:00;6780.082
2024-03-29 14:00:00;6568.683
2024-03-29 15:00:00;6537.622
2024-03-29 16:00:00;6759.341
2024-03-29 17:00:00;7083.068
2024-03-29 18:00:00;7401.353
2024-03-29 19:00:00;7247.578
2024-03-29 20:00:00;6763.735
2024-03-29 21:00:00;6207.37
2024-03-29 22:00:00;6000.045
2024-03-29 23:00:00;5532.36
2024-03-30 00:00:00;5264.14
2024-03-30 01:00:00;4945.489
2024-03-30 02:00:00;4792.486
2024-03-30 03:00:00;4654.836
2024-03-30 04:00:00;4696.073
2024-03-30 05:00:00;4989.156
2024-03-30 06:00:00;5283.535
2024-03-30 07:00:00;5657.21
2024-03-30 08:00:00;5927.22
2024-03-30 09:00:00;6091.781
2024-03-30 10:00:00;6109.632
2024-03-30 11:00:00;6036.484
2024-03-30 12:00:00;5841.276
2024-03-30 13:00:00;5381.563
2024-03-30 14:00:00;5071.554
2024-03-30 15:00:00;5180.1
2024-03-30 16:00:00;5458.423
2024-03-30 17:00:00;5891.374
2024-03-30 18:00:00;6231.176
2024-03-30 19:00:00;6194.527
2024-03-30 20:00:00;5907.211
2024-03-30 21:00:00;5544.191
2024-03-30 22:00:00;5454.151
2024-03-30 23:00:00;5095.044
2024-03-31 00:00:00;4816.727
2024-03-31 01:00:00;4624.849
2024-03-31 02:00:00;4601.049
2024-03-31 03:00:00;4577.248
2024-03-31 04:00:00;4498.956
2024-03-31 05:00:00;4576.563
2024-03-31 06:00:00;4767.426
2024-03-31 07:00:00;5014.824
2024-03-31 08:00:00;5173.492
2024-03-31 09:00:00;5312.975
2024-03-31 10:00:00;5445.225
2024-03-31 11:00:00;5485.425
2024-03-31 12:00:00;5434.793
2024-03-31 13:00:00;5256.6
2024-03-31 14:00:00;4862.057
2024-03-31 15:00:00;4767.669
2024-03-31 16:00:00;4673.746
2024-03-31 17:00:00;4839.49
2024-03-31 18:00:00;5305.771
2024-03-31 19:00:00;5699.599
2024-03-31 20:00:00;5686.916
2024-03-31 21:00:00;5382.976
2024-03-31 22:00:00;5345.31
2024-03-31 23:00:00;5007.509
2024-04-01 00:00:00;4795.485
2024-04-01 01:00:00;4568.947
2024-04-01 02:00:00;4491.856
2024-04-01 03:00:00;4392.127
2024-04-01 04:00:00;4454.834
2024-04-01 05:00:00;4601.025
2024-04-01 06:00:00;4890.705
2024-04-01 07:00:00;5028.004
2024-04-01 08:00:00;5226.74
2024-04-01 09:00:00;5434.488
2024-04-01 10:00:00;5479.952
2024-04-01 11:00:00;5622.032
2024-04-01 12:00:00;5631.786
2024-04-01 13:00:00;5527.161
2024-04-01 14:00:00;5458.252
2024-04-01 15:00:00;5537.391
2024-04-01 16:00:00;5642.585
2024-04-01 17:00:00;5844.531
2024-04-01 18:00:00;6172.337
2024-04-01 19:00:00;6354.885
2024-04-01 20:00:00;6143.749
2024-04-01 21:00:00;5826.329
2024-04-01 22:00:00;5709.171
2024-04-01 23:00:00;5349.955
2024-04-02 00:00:00;5150.155
2024-04-02 01:00:00;4904.627
2024-04-02 02:00:00;4764.63
2024-04-02 03:00:00;4733.305
2024-04-02 04:00:00;4947.516
2024-04-02 05:00:00;5642.443
2024-04-02 06:00:00;6915.266
2024-04-02 07:00:00;7750.195
2024-04-02 08:00:00;7957.233
2024-04-02 09:00:00;7724.388
2024-04-02 10:00:00;7495.002
2024-04-02 11:00:00;7593.275
2024-04-02 12:00:00;7380.651
2024-04-02 13:00:00;7284.788
2024-04-02 14:00:00;6966.687
2024-04-02 15:00:00;6901.739
2024-04-02 16:00:00;6817.325
2024-04-02 17:00:00;6896.284
2024-04-02 18:00:00;7067.125
2024-04-02 19:00:00;7419.314
2024-04-02 20:00:00;7235.178
2024-04-02 21:00:00;6733.916
2024-04-02 22:00:00;6416.863
2024-04-02 23:00:00;6009.107
2024-04-03 00:00:00;5707.855
2024-04-03 01:00:00;5441.254
2024-04-03 02:00:00;5321.634
2024-04-03 03:00:00;5261.837
2024-04-03 04:00:00;5481.026
2024-04-03 05:00:00;6166.585
2024-04-03 06:00:00;7262.173
2024-04-03 07:00:00;7683.097
2024-04-03 08:00:00;7665.282
2024-04-03 09:00:00;7487.596
2024-04-03 10:00:00;7296.11
2024-04-03 11:00:00;7271.008
2024-04-03 12:00:00;7186.82
2024-04-03 13:00:00;7331.399
2024-04-03 14:00:00;7287.097
2024-04-03 15:00:00;7311.1
2024-04-03 16:00:00;7228.427
2024-04-03 17:00:00;7262.811
2024-04-03 18:00:00;7424.798
2024-04-03 19:00:00;7566.6
2024-04-03 20:00:00;7328.007
2024-04-03 21:00:00;6799.361
2024-04-03 22:00:00;6511.728
2024-04-03 23:00:00;6051.241
2024-04-04 00:00:00;5724.101
2024-04-04 01:00:00;5437.398
2024-04-04 02:00:00;5317.914
2024-04-04 03:00:00;5236.089
2024-04-04 04:00:00;5359.109
2024-04-04 05:00:00;6073.637
2024-04-04 06:00:00;7188.831
2024-04-04 07:00:00;7788.518
2024-04-04 08:00:00;8068.751
2024-04-04 09:00:00;7843.214
2024-04-04 10:00:00;7557.071
2024-04-04 11:00:00;7187.512
2024-04-04 12:00:00;6718.126
2024-04-04 13:00:00;6701.459
2024-04-04 14:00:00;6646.881
2024-04-04 15:00:00;6713.88
2024-04-04 16:00:00;6954.684
2024-04-04 17:00:00;7121.557
2024-04-04 18:00:00;7360.952
2024-04-04 19:00:00;7568.108
2024-04-04 20:00:00;7294.968
2024-04-04 21:00:00;6725.665
2024-04-04 22:00:00;6426.042
2024-04-04 23:00:00;5928.131
2024-04-05 00:00:00;5620.332
2024-04-05 01:00:00;5314.203
2024-04-05 02:00:00;5181.287
2024-04-05 03:00:00;5101.333
2024-04-05 04:00:00;5262.734
2024-04-05 05:00:00;5930.179
2024-04-05 06:00:00;7041.96
2024-04-05 07:00:00;7644.627
2024-04-05 08:00:00;7757.595
2024-04-05 09:00:00;7681.041
2024-04-05 10:00:00;7543.229
2024-04-05 11:00:00;7324.101
2024-04-05 12:00:00;6856.398
2024-04-05 13:00:00;6496.956
2024-04-05 14:00:00;6029.374
2024-04-05 15:00:00;5860.592
2024-04-05 16:00:00;5897.728
2024-04-05 17:00:00;6338.647
2024-04-05 18:00:00;6799.944
2024-04-05 19:00:00;7057.73
2024-04-05 20:00:00;6790.79
2024-04-05 21:00:00;6290.862
2024-04-05 22:00:00;5935.51
2024-04-05 23:00:00;5513.539
2024-04-06 00:00:00;5269.52
2024-04-06 01:00:00;4989.493
2024-04-06 02:00:00;4851.942
2024-04-06 03:00:00;4699.429
2024-04-06 04:00:00;4689.731
2024-04-06 05:00:00;4969.249
2024-04-06 06:00:00;5340.934
2024-04-06 07:00:00;5654.73
2024-04-06 08:00:00;5962.926
2024-04-06 09:00:00;6048.113
2024-04-06 10:00:00;5948.224
2024-04-06 11:00:00;5766.582
2024-04-06 12:00:00;5427.417
2024-04-06 13:00:00;5159.846
2024-04-06 14:00:00;5034.158
2024-04-06 15:00:00;4946.326
2024-04-06 16:00:00;5066.474
2024-04-06 17:00:00;5392.65
2024-04-06 18:00:00;5692.76
2024-04-06 19:00:00;6021.358
2024-04-06 20:00:00;6037.97
2024-04-06 21:00:00;5625.707
2024-04-06 22:00:00;5459.592
2024-04-06 23:00:00;5094.203
2024-04-07 00:00:00;4906.133
2024-04-07 01:00:00;4636.333
2024-04-07 02:00:00;4564.857
2024-04-07 03:00:00;4444.628
2024-04-07 04:00:00;4466.428
2024-04-07 05:00:00;4623.327
2024-04-07 06:00:00;4822.952
2024-04-07 07:00:00;4961.733
2024-04-07 08:00:00;5096.687
2024-04-07 09:00:00;5190.181
2024-04-07 10:00:00;5172.991
2024-04-07 11:00:00;5149.807
2024-04-07 12:00:00;4905.241
2024-04-07 13:00:00;4748.776
2024-04-07 14:00:00;4535.932
2024-04-07 15:00:00;4448.189
2024-04-07 16:00:00;4499.56
2024-04-07 17:00:00;4869.133
2024-04-07 18:00:00;5464.913
2024-04-07 19:00:00;5916.313
2024-04-07 20:00:00;5922.325
2024-04-07 21:00:00;5577.316
2024-04-07 22:00:00;5502.101
2024-04-07 23:00:00;5158.771
2024-04-08 00:00:00;4969.059
2024-04-08 01:00:00;4748.968
2024-04-08 02:00:00;4685.298
2024-04-08 03:00:00;4642.212
2024-04-08 04:00:00;4767.753
2024-04-08 05:00:00;5513.564
2024-04-08 06:00:00;6678.841
2024-04-08 07:00:00;7266.612
2024-04-08 08:00:00;7373.202
2024-04-08 09:00:00;7226.97
2024-04-08 10:00:00;7053.3
2024-04-08 11:00:00;6979.27
2024-04-08 12:00:00;6742.957
2024-04-08 13:00:00;6758.218
2024-04-08 14:00:00;6583.932
2024-04-08 15:00:00;6695.029
2024-04-08 16:00:00;6715.038
2024-04-08 17:00:00;6775.538
2024-04-08 18:00:00;7012.122
2024-04-08 19:00:00;7201.089
2024-04-08 20:00:00;7026.422
2024-04-08 21:00:00;6538.269
2024-04-08 22:00:00;6156.623
2024-04-08 23:00:00;5676.696
2024-04-09 00:00:00;5400.304
2024-04-09 01:00:00;5121.955
2024-04-09 02:00:00;5023.969
2024-04-09 03:00:00;4916.825
2024-04-09 04:00:00;5062.252
2024-04-09 05:00:00;5709.824
2024-04-09 06:00:00;6790.358
2024-04-09 07:00:00;7268.093
2024-04-09 08:00:00;7318.869
2024-04-09 09:00:00;7232.218
2024-04-09 10:00:00;7081.334
2024-04-09 11:00:00;7029.317
2024-04-09 12:00:00;6810.195
2024-04-09 13:00:00;6727.951
2024-04-09 14:00:00;6571.734
2024-04-09 15:00:00;6619.619
2024-04-09 16:00:00;6721.442
2024-04-09 17:00:00;6990.249
2024-04-09 18:00:00;7321.202
2024-04-09 19:00:00;7498.47
2024-04-09 20:00:00;7236.038
2024-04-09 21:00:00;6641.537
2024-04-09 22:00:00;6262.097
2024-04-09 23:00:00;5837.79
2024-04-10 00:00:00;5557.027
2024-04-10 01:00:00;5287.438
2024-04-10 02:00:00;5208.029
2024-04-10 03:00:00;5112.194
2024-04-10 04:00:00;5249.856
2024-04-10 05:00:00;5908.589
2024-04-10 06:00:00;7014.821
2024-04-10 07:00:00;7691.183
2024-04-10 08:00:00;8086.042
2024-04-10 09:00:00;8230.576
2024-04-10 10:00:00;8283.31
2024-04-10 11:00:00;8228.942
2024-04-10 12:00:00;7890.464
2024-04-10 13:00:00;7609.971
2024-04-10 14:00:00;7314.471
2024-04-10 15:00:00;7132.311
2024-04-10 16:00:00;7025.198
2024-04-10 17:00:00;7127.023
2024-04-10 18:00:00;7235.556
2024-04-10 19:00:00;7354.77
2024-04-10 20:00:00;7176.937
2024-04-10 21:00:00;6665.844
2024-04-10 22:00:00;6351.648
2024-04-10 23:00:00;5867.407
2024-04-11 00:00:00;5558.177
2024-04-11 01:00:00;5347.065
2024-04-11 02:00:00;5274.057
2024-04-11 03:00:00;5178.907
2024-04-11 04:00:00;5318.961
2024-04-11 05:00:00;6018.613
2024-04-11 06:00:00;7140.536
2024-04-11 07:00:00;7550.772
2024-04-11 08:00:00;7595.666
2024-04-11 09:00:00;7409.518
2024-04-11 10:00:00;7304.842
2024-04-11 11:00:00;7036.978
2024-04-11 12:00:00;6620.321
2024-04-11 13:00:00;6445.96
2024-04-11 14:00:00;6203.827
2024-04-11 15:00:00;6154.823
2024-04-11 16:00:00;6135.182
2024-04-11 17:00:00;6334.223
2024-04-11 18:00:00;6722.216
2024-04-11 19:00:00;7036.329
2024-04-11 20:00:00;7028.06
2024-04-11 21:00:00;6487.126
2024-04-11 22:00:00;6150.852
2024-04-11 23:00:00;5684.495
2024-04-12 00:00:00;5429.98
2024-04-12 01:00:00;5164.203
2024-04-12 02:00:00;5084.716
2024-04-12 03:00:00;5026.642
2024-04-12 04:00:00;5161.074
2024-04-12 05:00:00;5822.604
2024-04-12 06:00:00;6901.274
2024-04-12 07:00:00;7306.748
2024-04-12 08:00:00;7304.109
2024-04-12 09:00:00;7082
2024-04-12 10:00:00;6820.137
2024-04-12 11:00:00;6635.866
2024-04-12 12:00:00;6303.39
2024-04-12 13:00:00;6145.807
2024-04-12 14:00:00;5915.304
2024-04-12 15:00:00;5870.033
2024-04-12 16:00:00;5886.353
2024-04-12 17:00:00;6152.294
2024-04-12 18:00:00;6536.135
2024-04-12 19:00:00;6721.749
2024-04-12 20:00:00;6659.214
2024-04-12 21:00:00;6159.293
2024-04-12 22:00:00;5885.21
2024-04-12 23:00:00;5421.014
2024-04-13 00:00:00;5208.413
2024-04-13 01:00:00;4882.303
2024-04-13 02:00:00;4748.709
2024-04-13 03:00:00;4615.246
2024-04-13 04:00:00;4612.61
2024-04-13 05:00:00;4825.626
2024-04-13 06:00:00;5224.462
2024-04-13 07:00:00;5405.252
2024-04-13 08:00:00;5550.049
2024-04-13 09:00:00;5629.322
2024-04-13 10:00:00;5564.24
2024-04-13 11:00:00;5494.071
2024-04-13 12:00:00;5243.682
2024-04-13 13:00:00;5065.137
2024-04-13 14:00:00;4842.702
2024-04-13 15:00:00;4822.746
2024-04-13 16:00:00;4874.505
2024-04-13 17:00:00;5218.164
2024-04-13 18:00:00;5544.494
2024-04-13 19:00:00;5767.646
2024-04-13 20:00:00;5863.965
2024-04-13 21:00:00;5502.847
2024-04-13 22:00:00;5311.026
2024-04-13 23:00:00;4925.484
2024-04-14 00:00:00;4721.275
2024-04-14 01:00:00;4471.626
2024-04-14 02:00:00;4372.484
2024-04-14 03:00:00;4282.287
2024-04-14 04:00:00;4241.659
2024-04-14 05:00:00;4381.317
2024-04-14 06:00:00;4562.266
2024-04-14 07:00:00;4658.233
2024-04-14 08:00:00;4779.348
2024-04-14 09:00:00;4908.293
2024-04-14 10:00:00;4943.622
2024-04-14 11:00:00;5004.386
2024-04-14 12:00:00;4801.006
2024-04-14 13:00:00;4641.714
2024-04-14 14:00:00;4445.268
2024-04-14 15:00:00;4425.717
2024-04-14 16:00:00;4544.907
2024-04-14 17:00:00;4836.006
2024-04-14 18:00:00;5218.478
2024-04-14 19:00:00;5596.509
2024-04-14 20:00:00;5707.75
2024-04-14 21:00:00;5395.577
2024-04-14 22:00:00;5329.298
2024-04-14 23:00:00;5007.65
2024-04-15 00:00:00;4809.873
2024-04-15 01:00:00;4593.348
2024-04-15 02:00:00;4512.311
2024-04-15 03:00:00;4430.491
2024-04-15 04:00:00;4633.695
2024-04-15 05:00:00;5329.986
2024-04-15 06:00:00;6452.316
2024-04-15 07:00:00;6960.615
2024-04-15 08:00:00;7191.769
2024-04-15 09:00:00;7236.686
2024-04-15 10:00:00;7386.902
2024-04-15 11:00:00;7506.576
2024-04-15 12:00:00;7349.811
2024-04-15 13:00:00;7430.844
2024-04-15 14:00:00;7679.551
2024-04-15 15:00:00;7629.024
2024-04-15 16:00:00;7310.063
2024-04-15 17:00:00;7053.344
2024-04-15 18:00:00;7068.061
2024-04-15 19:00:00;7063.356
2024-04-15 20:00:00;6843.619
2024-04-15 21:00:00;6336.264
2024-04-15 22:00:00;5943.072
2024-04-15 23:00:00;5524.629
2024-04-16 00:00:00;5295.324
2024-04-16 01:00:00;5049.892
2024-04-16 02:00:00;4967.184
2024-04-16 03:00:00;4916.471
2024-04-16 04:00:00;5051.622
2024-04-16 05:00:00;5710.366
2024-04-16 06:00:00;6858.431
2024-04-16 07:00:00;7667.378
2024-04-16 08:00:00;8004.563
2024-04-16 09:00:00;8038.361
2024-04-16 10:00:00;8174.249
2024-04-16 11:00:00;8220.52
2024-04-16 12:00:00;7998.824
2024-04-16 13:00:00;7862.685
2024-04-16 14:00:00;7694.065
2024-04-16 15:00:00;7582.896
2024-04-16 16:00:00;7474.79
2024-04-16 17:00:00;7524.791
2024-04-16 18:00:00;7474.869
2024-04-16 19:00:00;7378.643
2024-04-16 20:00:00;7189.272
2024-04-16 21:00:00;6627.24
2024-04-16 22:00:00;6278.529
2024-04-16 23:00:00;5826.683
2024-04-17 00:00:00;5538.542
2024-04-17 01:00:00;5297.728
2024-04-17 02:00:00;5169.591
2024-04-17 03:00:00;5111.428
2024-04-17 04:00:00;5270.539
2024-04-17 05:00:00;5968.646
2024-04-17 06:00:00;6988.143
2024-04-17 07:00:00;7527.809
2024-04-17 08:00:00;7545.446
2024-04-17 09:00:00;7525.125
2024-04-17 10:00:00;7737.263
2024-04-17 11:00:00;7811.117
2024-04-17 12:00:00;7497.337
2024-04-17 13:00:00;7221.925
2024-04-17 14:00:00;6919.395
2024-04-17 15:00:00;6817.229
2024-04-17 16:00:00;6944.477
2024-04-17 17:00:00;7082.623
2024-04-17 18:00:00;7171.422
2024-04-17 19:00:00;7291.907
2024-04-17 20:00:00;7198.105
2024-04-17 21:00:00;6671.372
2024-04-17 22:00:00;6334.809
2024-04-17 23:00:00;5920.112
2024-04-18 00:00:00;5656.151
2024-04-18 01:00:00;5423.908
2024-04-18 02:00:00;5319.122
2024-04-18 03:00:00;5256.261
2024-04-18 04:00:00;5438.606
2024-04-18 05:00:00;6083.551
2024-04-18 06:00:00;7098.238
2024-04-18 07:00:00;7581.024
2024-04-18 08:00:00;7728.252
2024-04-18 09:00:00;7685.631
2024-04-18 10:00:00;7842.28
2024-04-18 11:00:00;7769.934
2024-04-18 12:00:00;7385.477
2024-04-18 13:00:00;7213.715
2024-04-18 14:00:00;7050.284
2024-04-18 15:00:00;7028.932
2024-04-18 16:00:00;7037.288
2024-04-18 17:00:00;7180.688
2024-04-18 18:00:00;7313.996
2024-04-18 19:00:00;7426.375
2024-04-18 20:00:00;7407.724
2024-04-18 21:00:00;6836.913
2024-04-18 22:00:00;6570.879
2024-04-18 23:00:00;6100.27
2024-04-19 00:00:00;5808.325
2024-04-19 01:00:00;5599.564
2024-04-19 02:00:00;5440.037
2024-04-19 03:00:00;5403.483
2024-04-19 04:00:00;5603.464
2024-04-19 05:00:00;6283.507
2024-04-19 06:00:00;7256.258
2024-04-19 07:00:00;7653.172
2024-04-19 08:00:00;7669.492
2024-04-19 09:00:00;7502.226
2024-04-19 10:00:00;7550.567
2024-04-19 11:00:00;7569.15
2024-04-19 12:00:00;7111.893
2024-04-19 13:00:00;6787.383
2024-04-19 14:00:00;6712.982
2024-04-19 15:00:00;6661.088
2024-04-19 16:00:00;6823.3
2024-04-19 17:00:00;7127.646
2024-04-19 18:00:00;7276.924
2024-04-19 19:00:00;7282.932
2024-04-19 20:00:00;7095.268
2024-04-19 21:00:00;6569.582
2024-04-19 22:00:00;6312.39
2024-04-19 23:00:00;5918.37
2024-04-20 00:00:00;5605.006
2024-04-20 01:00:00;5330.466
2024-04-20 02:00:00;5208.117
2024-04-20 03:00:00;5015.736
2024-04-20 04:00:00;5047.764
2024-04-20 05:00:00;5312.786
2024-04-20 06:00:00;5584.858
2024-04-20 07:00:00;5762.548
2024-04-20 08:00:00;6014.925
2024-04-20 09:00:00;6208.688
2024-04-20 10:00:00;6334.917
2024-04-20 11:00:00;6378.611
2024-04-20 12:00:00;6191.906
2024-04-20 13:00:00;6072.233
2024-04-20 14:00:00;5755.968
2024-04-20 15:00:00;5593.589
2024-04-20 16:00:00;5658.47
2024-04-20 17:00:00;5857.143
2024-04-20 18:00:00;6029.359
2024-04-20 19:00:00;6208.932
2024-04-20 20:00:00;6225.71
2024-04-20 21:00:00;5908.224
2024-04-20 22:00:00;5825.628
2024-04-20 23:00:00;5462.491
2024-04-21 00:00:00;5177.57
2024-04-21 01:00:00;4951.06
2024-04-21 02:00:00;4859.656
2024-04-21 03:00:00;4742.349
2024-04-21 04:00:00;4769.958
2024-04-21 05:00:00;4959.304
2024-04-21 06:00:00;5063.762
2024-04-21 07:00:00;5134.599
2024-04-21 08:00:00;5276.501
2024-04-21 09:00:00;5455.144
2024-04-21 10:00:00;5570.988
2024-04-21 11:00:00;5681.869
2024-04-21 12:00:00;5585.729
2024-04-21 13:00:00;5386.189
2024-04-21 14:00:00;5170.038
2024-04-21 15:00:00;5084.98
2024-04-21 16:00:00;5134.396
2024-04-21 17:00:00;5349.84
2024-04-21 18:00:00;5790.245
2024-04-21 19:00:00;6113.325
2024-04-21 20:00:00;6224.681
2024-04-21 21:00:00;5969.769
2024-04-21 22:00:00;6002.312
2024-04-21 23:00:00;5627.36
2024-04-22 00:00:00;5453.446
2024-04-22 01:00:00;5262.871
2024-04-22 02:00:00;5213.253
2024-04-22 03:00:00;5204.883
2024-04-22 04:00:00;5401.448
2024-04-22 05:00:00;6185.147
2024-04-22 06:00:00;7356.519
2024-04-22 07:00:00;7765.625
2024-04-22 08:00:00;7793.869
2024-04-22 09:00:00;7613.824
2024-04-22 10:00:00;7521.923
2024-04-22 11:00:00;7472.925
2024-04-22 12:00:00;7334.811
2024-04-22 13:00:00;7442.906
2024-04-22 14:00:00;7305.016
2024-04-22 15:00:00;7179.981
2024-04-22 16:00:00;7199.769
2024-04-22 17:00:00;7356.216
2024-04-22 18:00:00;7643.32
2024-04-22 19:00:00;7737.533
2024-04-22 20:00:00;7602.28
2024-04-22 21:00:00;7029.706
2024-04-22 22:00:00;6690.527
2024-04-22 23:00:00;6222.21
2024-04-23 00:00:00;5970.01
2024-04-23 01:00:00;5683.197
2024-04-23 02:00:00;5585.481
2024-04-23 03:00:00;5544.386
2024-04-23 04:00:00;5706.92
2024-04-23 05:00:00;6443.563
2024-04-23 06:00:00;7537.879
2024-04-23 07:00:00;8245.952
2024-04-23 08:00:00;8533.232
2024-04-23 09:00:00;8572.194
2024-04-23 10:00:00;8628.157
2024-04-23 11:00:00;8596.509
2024-04-23 12:00:00;8354.135
2024-04-23 13:00:00;8239.593
2024-04-23 14:00:00;8134.779
2024-04-23 15:00:00;8134.829
2024-04-23 16:00:00;8100.975
2024-04-23 17:00:00;8105.296
2024-04-23 18:00:00;8085.695
2024-04-23 19:00:00;8014.941
2024-04-23 20:00:00;7822.145
2024-04-23 21:00:00;7209.08
2024-04-23 22:00:00;6847.938
2024-04-23 23:00:00;6356.424
2024-04-24 00:00:00;6079.922
2024-04-24 01:00:00;5832.163
2024-04-24 02:00:00;5770.994
2024-04-24 03:00:00;5675.853
2024-04-24 04:00:00;5860.398
2024-04-24 05:00:00;6558.212
2024-04-24 06:00:00;7708.446
2024-04-24 07:00:00;8403.914
2024-04-24 08:00:00;8783.217
2024-04-24 09:00:00;8761.613
2024-04-24 10:00:00;8665.098
2024-04-24 11:00:00;8460.517
2024-04-24 12:00:00;8006.312
2024-04-24 13:00:00;7794.892
2024-04-24 14:00:00;7617.161
2024-04-24 15:00:00;7458.128
2024-04-24 16:00:00;7389.187
2024-04-24 17:00:00;7422.435
2024-04-24 18:00:00;7653.698
2024-04-24 19:00:00;7757.678
2024-04-24 20:00:00;7681.333
2024-04-24 21:00:00;7167.763
2024-04-24 22:00:00;6897.926
2024-04-24 23:00:00;6455.739
2024-04-25 00:00:00;6093.75
2024-04-25 01:00:00;5830.665
2024-04-25 02:00:00;5741.672
2024-04-25 03:00:00;5659.325
2024-04-25 04:00:00;5871.853
2024-04-25 05:00:00;6502.53
2024-04-25 06:00:00;7542.099
2024-04-25 07:00:00;7918.319
2024-04-25 08:00:00;7953.868
2024-04-25 09:00:00;7771.278
2024-04-25 10:00:00;7712.136
2024-04-25 11:00:00;7660.396
2024-04-25 12:00:00;7388.913
2024-04-25 13:00:00;7303.467
2024-04-25 14:00:00;7042.236
2024-04-25 15:00:00;6759.831
2024-04-25 16:00:00;6652.073
2024-04-25 17:00:00;6857.88
2024-04-25 18:00:00;7194.561
2024-04-25 19:00:00;7430.841
2024-04-25 20:00:00;7465.403
2024-04-25 21:00:00;7061.679
2024-04-25 22:00:00;6703.73
2024-04-25 23:00:00;6271.787
2024-04-26 00:00:00;6006.491
2024-04-26 01:00:00;5798.739
2024-04-26 02:00:00;5710.156
2024-04-26 03:00:00;5678.449
2024-04-26 04:00:00;5853.198
2024-04-26 05:00:00;6550.004
2024-04-26 06:00:00;7437.796
2024-04-26 07:00:00;7625.992
2024-04-26 08:00:00;7441.203
2024-04-26 09:00:00;7092.376
2024-04-26 10:00:00;6912.725
2024-04-26 11:00:00;6756.105
2024-04-26 12:00:00;6547.355
2024-04-26 13:00:00;6391.356
2024-04-26 14:00:00;6195.693
2024-04-26 15:00:00;6118.449
2024-04-26 16:00:00;6021.387
2024-04-26 17:00:00;6207.922
2024-04-26 18:00:00;6559.023
2024-04-26 19:00:00;6857.21
2024-04-26 20:00:00;6893.802
2024-04-26 21:00:00;6476.102
2024-04-26 22:00:00;6216.589
2024-04-26 23:00:00;5828.211
2024-04-27 00:00:00;5541.912
2024-04-27 01:00:00;5268.955
2024-04-27 02:00:00;5137.706
2024-04-27 03:00:00;5023.684
2024-04-27 04:00:00;5047.661
2024-04-27 05:00:00;5345.614
2024-04-27 06:00:00;5553.507
2024-04-27 07:00:00;5567.991
2024-04-27 08:00:00;5531.185
2024-04-27 09:00:00;5529.736
2024-04-27 10:00:00;5490.603
2024-04-27 11:00:00;5463.501
2024-04-27 12:00:00;5299.704
2024-04-27 13:00:00;5100.502
2024-04-27 14:00:00;4909.46
2024-04-27 15:00:00;4839.715
2024-04-27 16:00:00;4823.418
2024-04-27 17:00:00;5031.135
2024-04-27 18:00:00;5395.404
2024-04-27 19:00:00;5796.481
2024-04-27 20:00:00;5954.76
2024-04-27 21:00:00;5702.446
2024-04-27 22:00:00;5605.28
2024-04-27 23:00:00;5241.033
2024-04-28 00:00:00;4945.401
2024-04-28 01:00:00;4684.747
2024-04-28 02:00:00;4644.095
2024-04-28 03:00:00;4514.626
2024-04-28 04:00:00;4481.601
2024-04-28 05:00:00;4633.504
2024-04-28 06:00:00;4726.644
2024-04-28 07:00:00;4694.769
2024-04-28 08:00:00;4765.298
2024-04-28 09:00:00;4957.91
2024-04-28 10:00:00;5076.361
2024-04-28 11:00:00;5159.22
2024-04-28 12:00:00;5055.677
2024-04-28 13:00:00;4812.555
2024-04-28 14:00:00;4684.822
2024-04-28 15:00:00;4744.634
2024-04-28 16:00:00;4783.217
2024-04-28 17:00:00;4955.533
2024-04-28 18:00:00;5298.552
2024-04-28 19:00:00;5637.12
2024-04-28 20:00:00;5868.596
2024-04-28 21:00:00;5615.382
2024-04-28 22:00:00;5564.074
2024-04-28 23:00:00;5213.54
2024-04-29 00:00:00;4987.927
2024-04-29 01:00:00;4820.566
2024-04-29 02:00:00;4769.563
2024-04-29 03:00:00;4666.633
2024-04-29 04:00:00;4918.263
2024-04-29 05:00:00;5623.652
2024-04-29 06:00:00;6603.186
2024-04-29 07:00:00;6969.826
2024-04-29 08:00:00;6917.101
2024-04-29 09:00:00;6787.884
2024-04-29 10:00:00;6720.801
2024-04-29 11:00:00;6680.295
2024-04-29 12:00:00;6516.448
2024-04-29 13:00:00;6398.75
2024-04-29 14:00:00;6188.078
2024-04-29 15:00:00;6083.682
2024-04-29 16:00:00;6064.706
2024-04-29 17:00:00;6179.614
2024-04-29 18:00:00;6520.085
2024-04-29 19:00:00;6798.297
2024-04-29 20:00:00;6857.808
2024-04-29 21:00:00;6433.775
2024-04-29 22:00:00;6095.795
2024-04-29 23:00:00;5609.938
2024-04-30 00:00:00;5326.302
2024-04-30 01:00:00;5057.845
2024-04-30 02:00:00;4991.068
2024-04-30 03:00:00;4902.182
2024-04-30 04:00:00;4997.381
2024-04-30 05:00:00;5686.784
2024-04-30 06:00:00;6632
2024-04-30 07:00:00;6910.035
2024-04-30 08:00:00;6915.46
2024-04-30 09:00:00;6739.75
2024-04-30 10:00:00;6652.805
2024-04-30 11:00:00;6651.526
2024-04-30 12:00:00;6487.926
2024-04-30 13:00:00;6404.783
2024-04-30 14:00:00;6309.238
2024-04-30 15:00:00;6284.398
2024-04-30 16:00:00;6211.713
2024-04-30 17:00:00;6272.096
2024-04-30 18:00:00;6506.781
2024-04-30 19:00:00;6749.714
2024-04-30 20:00:00;6698.176
2024-04-30 21:00:00;6317.412
2024-04-30 22:00:00;6009.835
2024-04-30 23:00:00;5539.436
2024-05-01 00:00:00;5231.13
2024-05-01 01:00:00;4917.601
2024-05-01 02:00:00;4799.813
2024-05-01 03:00:00;4640.463
2024-05-01 04:00:00;4625.361
2024-05-01 05:00:00;4739.364
2024-05-01 06:00:00;4741.57
2024-05-01 07:00:00;4848.048
2024-05-01 08:00:00;5114.059
2024-05-01 09:00:00;5358.285
2024-05-01 10:00:00;5523.666
2024-05-01 11:00:00;5667.74
2024-05-01 12:00:00;5579.097
2024-05-01 13:00:00;5414.528
2024-05-01 14:00:00;5194.617
2024-05-01 15:00:00;4914.387
2024-05-01 16:00:00;4903.729
2024-05-01 17:00:00;5170.971
2024-05-01 18:00:00;5515.266
2024-05-01 19:00:00;5798.481
2024-05-01 20:00:00;5905.855
2024-05-01 21:00:00;5669.62
2024-05-01 22:00:00;5552.054
2024-05-01 23:00:00;5191.2
2024-05-02 00:00:00;4971.225
2024-05-02 01:00:00;4709.022
2024-05-02 02:00:00;4648.241
2024-05-02 03:00:00;4521.988
2024-05-02 04:00:00;4638.275
2024-05-02 05:00:00;5272.811
2024-05-02 06:00:00;6329.268
2024-05-02 07:00:00;6844.887
2024-05-02 08:00:00;7030.02
2024-05-02 09:00:00;7072.575
2024-05-02 10:00:00;7147.059
2024-05-02 11:00:00;7198.16
2024-05-02 12:00:00;7079.955
2024-05-02 13:00:00;7017.63
2024-05-02 14:00:00;6729.983
2024-05-02 15:00:00;6396.336
2024-05-02 16:00:00;6106.524
2024-05-02 17:00:00;6219.879
2024-05-02 18:00:00;6508.276
2024-05-02 19:00:00;6784.946
2024-05-02 20:00:00;6795.265
2024-05-02 21:00:00;6388.242
2024-05-02 22:00:00;6054.645
2024-05-02 23:00:00;5616.476
2024-05-03 00:00:00;5297.512
2024-05-03 01:00:00;5026.464
2024-05-03 02:00:00;4920.836
2024-05-03 03:00:00;4843.061
2024-05-03 04:00:00;4925.983
2024-05-03 05:00:00;5571.788
2024-05-03 06:00:00;6538.309
2024-05-03 07:00:00;7227.281
2024-05-03 08:00:00;7665.426
2024-05-03 09:00:00;7782.648
2024-05-03 10:00:00;7893.642
2024-05-03 11:00:00;7949.697
2024-05-03 12:00:00;7657.409
2024-05-03 13:00:00;7443.304
2024-05-03 14:00:00;7153.492
2024-05-03 15:00:00;6888.123
2024-05-03 16:00:00;6892.332
2024-05-03 17:00:00;6939.72
2024-05-03 18:00:00;6954.237
2024-05-03 19:00:00;6893.015
2024-05-03 20:00:00;6692.03
2024-05-03 21:00:00;6225.641
2024-05-03 22:00:00;5930.093
2024-05-03 23:00:00;5487.832
2024-05-04 00:00:00;5224.651
2024-05-04 01:00:00;4898.567
2024-05-04 02:00:00;4753.782
2024-05-04 03:00:00;4617.75
2024-05-04 04:00:00;4630.254
2024-05-04 05:00:00;4883.285
2024-05-04 06:00:00;5093.403
2024-05-04 07:00:00;5219.341
2024-05-04 08:00:00;5477.197
2024-05-04 09:00:00;5634.564
2024-05-04 10:00:00;5653.721
2024-05-04 11:00:00;5670.626
2024-05-04 12:00:00;5442.677
2024-05-04 13:00:00;5081.822
2024-05-04 14:00:00;4802.731
2024-05-04 15:00:00;4717.905
2024-05-04 16:00:00;4731.176
2024-05-04 17:00:00;4871.799
2024-05-04 18:00:00;5203.537
2024-05-04 19:00:00;5559.515
2024-05-04 20:00:00;5748.54
2024-05-04 21:00:00;5545.962
2024-05-04 22:00:00;5358.075
2024-05-04 23:00:00;4945.518
2024-05-05 00:00:00;4684.318
2024-05-05 01:00:00;4418.246
2024-05-05 02:00:00;4362.981
2024-05-05 03:00:00;4227.436
2024-05-05 04:00:00;4220.419
2024-05-05 05:00:00;4359.303
2024-05-05 06:00:00;4396.074
2024-05-05 07:00:00;4416.53
2024-05-05 08:00:00;4520.756
2024-05-05 09:00:00;4715.17
2024-05-05 10:00:00;4913.472
2024-05-05 11:00:00;5137.969
2024-05-05 12:00:00;5064.78
2024-05-05 13:00:00;4821.494
2024-05-05 14:00:00;4612.178
2024-05-05 15:00:00;4530.544
2024-05-05 16:00:00;4447.885
2024-05-05 17:00:00;4627.053
2024-05-05 18:00:00;4952.343
2024-05-05 19:00:00;5371.487
2024-05-05 20:00:00;5604.493
2024-05-05 21:00:00;5430.489
2024-05-05 22:00:00;5397.703
2024-05-05 23:00:00;5050.514
2024-05-06 00:00:00;4877.04
2024-05-06 01:00:00;4678.742
2024-05-06 02:00:00;4567.39
2024-05-06 03:00:00;4508.794
2024-05-06 04:00:00;4688.928
2024-05-06 05:00:00;5402.097
2024-05-06 06:00:00;6363.755
2024-05-06 07:00:00;6750.562
2024-05-06 08:00:00;6754.958
2024-05-06 09:00:00;6469.726
2024-05-06 10:00:00;6437.222
2024-05-06 11:00:00;6620.998
2024-05-06 12:00:00;6677.646
2024-05-06 13:00:00;6791.309
2024-05-06 14:00:00;6753.824
2024-05-06 15:00:00;6713.102
2024-05-06 16:00:00;6659.336
2024-05-06 17:00:00;6960.698
2024-05-06 18:00:00;7064.29
2024-05-06 19:00:00;7045.268
2024-05-06 20:00:00;6895.971
2024-05-06 21:00:00;6401.998
2024-05-06 22:00:00;6062.658
2024-05-06 23:00:00;5647.414
2024-05-07 00:00:00;5379.268
2024-05-07 01:00:00;5081.95
2024-05-07 02:00:00;5011.743
2024-05-07 03:00:00;4899.446
2024-05-07 04:00:00;5027.043
2024-05-07 05:00:00;5579.828
2024-05-07 06:00:00;6613.85
2024-05-07 07:00:00;7097.543
2024-05-07 08:00:00;7275.734
2024-05-07 09:00:00;7279.632
2024-05-07 10:00:00;7145.08
2024-05-07 11:00:00;7170.436
2024-05-07 12:00:00;7153.419
2024-05-07 13:00:00;7230.673
2024-05-07 14:00:00;7069.363
2024-05-07 15:00:00;7051.499
2024-05-07 16:00:00;7112.862
2024-05-07 17:00:00;7131.875
2024-05-07 18:00:00;7220.91
2024-05-07 19:00:00;7160.963
2024-05-07 20:00:00;7006.246
2024-05-07 21:00:00;6588.916
2024-05-07 22:00:00;6227.872
2024-05-07 23:00:00;5753.213
2024-05-08 00:00:00;5434.836
2024-05-08 01:00:00;5183.602
2024-05-08 02:00:00;5051.467
2024-05-08 03:00:00;4951.077
2024-05-08 04:00:00;5164.223
2024-05-08 05:00:00;5750.026
2024-05-08 06:00:00;6834.142
2024-05-08 07:00:00;7563.596
2024-05-08 08:00:00;7877.918
2024-05-08 09:00:00;7966.717
2024-05-08 10:00:00;8036.682
2024-05-08 11:00:00;8051.188
2024-05-08 12:00:00;7782.746
2024-05-08 13:00:00;7645.393
2024-05-08 14:00:00;7464.288
2024-05-08 15:00:00;7374.928
2024-05-08 16:00:00;7243.702
2024-05-08 17:00:00;7157.435
2024-05-08 18:00:00;7143.573
2024-05-08 19:00:00;7108.996
2024-05-08 20:00:00;6936.013
2024-05-08 21:00:00;6499.963
2024-05-08 22:00:00;6134.41
2024-05-08 23:00:00;5624.652
2024-05-09 00:00:00;5314.051
2024-05-09 01:00:00;5008.441
2024-05-09 02:00:00;4946.257
2024-05-09 03:00:00;4785.395
2024-05-09 04:00:00;4746.198
2024-05-09 05:00:00;4786.625
2024-05-09 06:00:00;4827.125
2024-05-09 07:00:00;4921.723
2024-05-09 08:00:00;5078.258
2024-05-09 09:00:00;5216.431
2024-05-09 10:00:00;5397.742
2024-05-09 11:00:00;5487.641
2024-05-09 12:00:00;5379.422
2024-05-09 13:00:00;5118.466
2024-05-09 14:00:00;4865.753
2024-05-09 15:00:00;4660.497
2024-05-09 16:00:00;4562.126
2024-05-09 17:00:00;4746.154
2024-05-09 18:00:00;5109.703
2024-05-09 19:00:00;5564.162
2024-05-09 20:00:00;5783.47
2024-05-09 21:00:00;5608.222
2024-05-09 22:00:00;5423.277
2024-05-09 23:00:00;5047.984
2024-05-10 00:00:00;4836.877
2024-05-10 01:00:00;4592.377
2024-05-10 02:00:00;4504.222
2024-05-10 03:00:00;4432.167
2024-05-10 04:00:00;4575.241
2024-05-10 05:00:00;5065.686
2024-05-10 06:00:00;5735.041
2024-05-10 07:00:00;5894.16
2024-05-10 08:00:00;5876.976
2024-05-10 09:00:00;5833.566
2024-05-10 10:00:00;5862.354
2024-05-10 11:00:00;5934.421
2024-05-10 12:00:00;5868.762
2024-05-10 13:00:00;5736.706
2024-05-10 14:00:00;5548.441
2024-05-10 15:00:00;5552.149
2024-05-10 16:00:00;5528.884
2024-05-10 17:00:00;5616.029
2024-05-10 18:00:00;5902.846
2024-05-10 19:00:00;6027.797
2024-05-10 20:00:00;6052.169
2024-05-10 21:00:00;5849.213
2024-05-10 22:00:00;5641.296
2024-05-10 23:00:00;5204.664
2024-05-11 00:00:00;4960.227
2024-05-11 01:00:00;4664.783
2024-05-11 02:00:00;4558.07
2024-05-11 03:00:00;4401.765
2024-05-11 04:00:00;4450.751
2024-05-11 05:00:00;4671.327
2024-05-11 06:00:00;4813.363
2024-05-11 07:00:00;4829.882
2024-05-11 08:00:00;4950.261
2024-05-11 09:00:00;5061.14
2024-05-11 10:00:00;5139.717
2024-05-11 11:00:00;5283.78
2024-05-11 12:00:00;5222.785
2024-05-11 13:00:00;5138.106
2024-05-11 14:00:00;5000.767
2024-05-11 15:00:00;5041.377
2024-05-11 16:00:00;5043.048
2024-05-11 17:00:00;5097.63
2024-05-11 18:00:00;5221.233
2024-05-11 19:00:00;5501.264
2024-05-11 20:00:00;5646.559
2024-05-11 21:00:00;5552.067
2024-05-11 22:00:00;5311.459
2024-05-11 23:00:00;4929.784
2024-05-12 00:00:00;4740.605
2024-05-12 01:00:00;4471.452
2024-05-12 02:00:00;4376.01
2024-05-12 03:00:00;4237.17
2024-05-12 04:00:00;4214.689
2024-05-12 05:00:00;4271.251
2024-05-12 06:00:00;4321.019
2024-05-12 07:00:00;4384.148
2024-05-12 08:00:00;4519.252
2024-05-12 09:00:00;4587.809
2024-05-12 10:00:00;4706.73
2024-05-12 11:00:00;4865.612
2024-05-12 12:00:00;4888.25
2024-05-12 13:00:00;4873.295
2024-05-12 14:00:00;4699.842
2024-05-12 15:00:00;4580.944
2024-05-12 16:00:00;4542.381
2024-05-12 17:00:00;4679.944
2024-05-12 18:00:00;5080.651
2024-05-12 19:00:00;5498.229
2024-05-12 20:00:00;5639.366
2024-05-12 21:00:00;5528.123
2024-05-12 22:00:00;5491.397
2024-05-12 23:00:00;5158.779
2024-05-13 00:00:00;4920.82
2024-05-13 01:00:00;4721.02
2024-05-13 02:00:00;4655.089
2024-05-13 03:00:00;4582.414
2024-05-13 04:00:00;4773.562
2024-05-13 05:00:00;5436.043
2024-05-13 06:00:00;6393.748
2024-05-13 07:00:00;6895.673
2024-05-13 08:00:00;7067.356
2024-05-13 09:00:00;7116.33
2024-05-13 10:00:00;7123.805
2024-05-13 11:00:00;7290.262
2024-05-13 12:00:00;7213.775
2024-05-13 13:00:00;7141.807
2024-05-13 14:00:00;7001.022
2024-05-13 15:00:00;6859.957
2024-05-13 16:00:00;6751.366
2024-05-13 17:00:00;6703.648
2024-05-13 18:00:00;6815.306
2024-05-13 19:00:00;6983.915
2024-05-13 20:00:00;6900.428
2024-05-13 21:00:00;6599.345
2024-05-13 22:00:00;6178.804
2024-05-13 23:00:00;5702.655
2024-05-14 00:00:00;5458.427
2024-05-14 01:00:00;5216.393
2024-05-14 02:00:00;5087.371
2024-05-14 03:00:00;4997.19
2024-05-14 04:00:00;5143.343
2024-05-14 05:00:00;5734.478
2024-05-14 06:00:00;6679.083
2024-05-14 07:00:00;7072.235
2024-05-14 08:00:00;7057.923
2024-05-14 09:00:00;6920.912
2024-05-14 10:00:00;7023.647
2024-05-14 11:00:00;7135.269
2024-05-14 12:00:00;6928.438
2024-05-14 13:00:00;6781.928
2024-05-14 14:00:00;6606.328
2024-05-14 15:00:00;6504.31
2024-05-14 16:00:00;6375.801
2024-05-14 17:00:00;6412.102
2024-05-14 18:00:00;6693.504
2024-05-14 19:00:00;6984.265
2024-05-14 20:00:00;7005.628
2024-05-14 21:00:00;6668.966
2024-05-14 22:00:00;6318.553
2024-05-14 23:00:00;5756.262
2024-05-15 00:00:00;5488.574
2024-05-15 01:00:00;5145.423
2024-05-15 02:00:00;5021.891
2024-05-15 03:00:00;4939.553
2024-05-15 04:00:00;5081.602
2024-05-15 05:00:00;5646.565
2024-05-15 06:00:00;6569.865
2024-05-15 07:00:00;7005.942
2024-05-15 08:00:00;6983.933
2024-05-15 09:00:00;6798.618
2024-05-15 10:00:00;6781.213
2024-05-15 11:00:00;6830.676
2024-05-15 12:00:00;6782.901
2024-05-15 13:00:00;6833.248
2024-05-15 14:00:00;6783.071
2024-05-15 15:00:00;6796.695
2024-05-15 16:00:00;6839.491
2024-05-15 17:00:00;6917.695
2024-05-15 18:00:00;7000.661
2024-05-15 19:00:00;7090.282
2024-05-15 20:00:00;6933.198
2024-05-15 21:00:00;6554.664
2024-05-15 22:00:00;6165.051
2024-05-15 23:00:00;5707.833
2024-05-16 00:00:00;5412.461
2024-05-16 01:00:00;5129.266
2024-05-16 02:00:00;4992.737
2024-05-16 03:00:00;4933.111
2024-05-16 04:00:00;5055.36
2024-05-16 05:00:00;5634.655
2024-05-16 06:00:00;6613.03
2024-05-16 07:00:00;7263.995
2024-05-16 08:00:00;7481.796
2024-05-16 09:00:00;7405.577
2024-05-16 10:00:00;7463.174
2024-05-16 11:00:00;7554.216
2024-05-16 12:00:00;7491.794
2024-05-16 13:00:00;7474.592
2024-05-16 14:00:00;7339.119
2024-05-16 15:00:00;7449.31
2024-05-16 16:00:00;7370.133
2024-05-16 17:00:00;7292.502
2024-05-16 18:00:00;7258.134
2024-05-16 19:00:00;7170.99
2024-05-16 20:00:00;6964.68
2024-05-16 21:00:00;6543.056
2024-05-16 22:00:00;6241.068
2024-05-16 23:00:00;5695.253
2024-05-17 00:00:00;5446.865
2024-05-17 01:00:00;5180.68
2024-05-17 02:00:00;5034.928
2024-05-17 03:00:00;4962.182
2024-05-17 04:00:00;5072.81
2024-05-17 05:00:00;5687.419
2024-05-17 06:00:00;6678.923
2024-05-17 07:00:00;7317.368
2024-05-17 08:00:00;7585.662
2024-05-17 09:00:00;7594.84
2024-05-17 10:00:00;7473.442
2024-05-17 11:00:00;7227.924
2024-05-17 12:00:00;6996.997
2024-05-17 13:00:00;6863.606
2024-05-17 14:00:00;6831.609
2024-05-17 15:00:00;6666.525
2024-05-17 16:00:00;6586.662
2024-05-17 17:00:00;6692.37
2024-05-17 18:00:00;6778.415
2024-05-17 19:00:00;6751.221
2024-05-17 20:00:00;6587.34
2024-05-17 21:00:00;6208.239
2024-05-17 22:00:00;5914.913
2024-05-17 23:00:00;5528.524
2024-05-18 00:00:00;5256.492
2024-05-18 01:00:00;4950.977
2024-05-18 02:00:00;4801.751
2024-05-18 03:00:00;4655.412
2024-05-18 04:00:00;4661.226
2024-05-18 05:00:00;4822.556
2024-05-18 06:00:00;5068.033
2024-05-18 07:00:00;5310.163
2024-05-18 08:00:00;5559.251
2024-05-18 09:00:00;5541.7
2024-05-18 10:00:00;5423.798
2024-05-18 11:00:00;5371.39
2024-05-18 12:00:00;5209.538
2024-05-18 13:00:00;5189.249
2024-05-18 14:00:00;5076.358
2024-05-18 15:00:00;5104.529
2024-05-18 16:00:00;5277.181
2024-05-18 17:00:00;5416.52
2024-05-18 18:00:00;5487.5
2024-05-18 19:00:00;5652.906
2024-05-18 20:00:00;5687.789
2024-05-18 21:00:00;5519.425
2024-05-18 22:00:00;5369.5
2024-05-18 23:00:00;4982.477
2024-05-19 00:00:00;4718.987
2024-05-19 01:00:00;4446.288
2024-05-19 02:00:00;4358.336
2024-05-19 03:00:00;4231.766
2024-05-19 04:00:00;4200.976
2024-05-19 05:00:00;4241.518
2024-05-19 06:00:00;4301.312
2024-05-19 07:00:00;4431.102
2024-05-19 08:00:00;4619.882
2024-05-19 09:00:00;4698.648
2024-05-19 10:00:00;4749.708
2024-05-19 11:00:00;4774.511
2024-05-19 12:00:00;4707.957
2024-05-19 13:00:00;4666.298
2024-05-19 14:00:00;4608.477
2024-05-19 15:00:00;4533.686
2024-05-19 16:00:00;4567.411
2024-05-19 17:00:00;4857.265
2024-05-19 18:00:00;5159.642
2024-05-19 19:00:00;5386.035
2024-05-19 20:00:00;5452.96
2024-05-19 21:00:00;5316.185
2024-05-19 22:00:00;5172.122
2024-05-19 23:00:00;4894.411
2024-05-20 00:00:00;4680.998
2024-05-20 01:00:00;4375.475
2024-05-20 02:00:00;4281.305
2024-05-20 03:00:00;4174.953
2024-05-20 04:00:00;4199.175
2024-05-20 05:00:00;4307.543
2024-05-20 06:00:00;4524.96
2024-05-20 07:00:00;4675.413
2024-05-20 08:00:00;4801.614
2024-05-20 09:00:00;4924.956
2024-05-20 10:00:00;4968.237
2024-05-20 11:00:00;5081.724
2024-05-20 12:00:00;5005.019
2024-05-20 13:00:00;4890.989
2024-05-20 14:00:00;4915.702
2024-05-20 15:00:00;4845.2
2024-05-20 16:00:00;4893.485
2024-05-20 17:00:00;5122.175
2024-05-20 18:00:00;5446.841
2024-05-20 19:00:00;5676.93
2024-05-20 20:00:00;5748.952
2024-05-20 21:00:00;5589.08
2024-05-20 22:00:00;5479.75
2024-05-20 23:00:00;5081.202
2024-05-21 00:00:00;4882.315
2024-05-21 01:00:00;4621.941
2024-05-21 02:00:00;4520.162
2024-05-21 03:00:00;4467.879
2024-05-21 04:00:00;4594.05
2024-05-21 05:00:00;5269.916
2024-05-21 06:00:00;6397.982
2024-05-21 07:00:00;7149.943
2024-05-21 08:00:00;7547.222
2024-05-21 09:00:00;7604.939
2024-05-21 10:00:00;7657.238
2024-05-21 11:00:00;7854.576
2024-05-21 12:00:00;7799.904
2024-05-21 13:00:00;7704.991
2024-05-21 14:00:00;7545.711
2024-05-21 15:00:00;7452.415
2024-05-21 16:00:00;7423.788
2024-05-21 17:00:00;7411.862
2024-05-21 18:00:00;7374.977
2024-05-21 19:00:00;7195.895
2024-05-21 20:00:00;6931.258
2024-05-21 21:00:00;6491.212
2024-05-21 22:00:00;6177.755
2024-05-21 23:00:00;5653.465
2024-05-22 00:00:00;5390.458
2024-05-22 01:00:00;5107.517
2024-05-22 02:00:00;4973.886
2024-05-22 03:00:00;4882.072
2024-05-22 04:00:00;4974.969
2024-05-22 05:00:00;5622.354
2024-05-22 06:00:00;6562.227
2024-05-22 07:00:00;7146.901
2024-05-22 08:00:00;7475.671
2024-05-22 09:00:00;7345.923
2024-05-22 10:00:00;7151.183
2024-05-22 11:00:00;7082.653
2024-05-22 12:00:00;7089.055
2024-05-22 13:00:00;7079.323
2024-05-22 14:00:00;6788.934
2024-05-22 15:00:00;6683.028
2024-05-22 16:00:00;6707.574
2024-05-22 17:00:00;6797.177
2024-05-22 18:00:00;6881.264
2024-05-22 19:00:00;6887.893
2024-05-22 20:00:00;6810.44
2024-05-22 21:00:00;6530.351
2024-05-22 22:00:00;6174.387
2024-05-22 23:00:00;5666.489
2024-05-23 00:00:00;5376.145
2024-05-23 01:00:00;5087.848
2024-05-23 02:00:00;4986.247
2024-05-23 03:00:00;4880.869
2024-05-23 04:00:00;5011.488
2024-05-23 05:00:00;5563.086
2024-05-23 06:00:00;6551.347
2024-05-23 07:00:00;7184.293
2024-05-23 08:00:00;7274.88
2024-05-23 09:00:00;7071.464
2024-05-23 10:00:00;6886.038
2024-05-23 11:00:00;6922.429
2024-05-23 12:00:00;6861.526
2024-05-23 13:00:00;6926.041
2024-05-23 14:00:00;6856.181
2024-05-23 15:00:00;6805.141
2024-05-23 16:00:00;6917.157
2024-05-23 17:00:00;7028.693
2024-05-23 18:00:00;7083.003
2024-05-23 19:00:00;7036.027
2024-05-23 20:00:00;6903.211
2024-05-23 21:00:00;6566.579
2024-05-23 22:00:00;6245.006
2024-05-23 23:00:00;5779.58
2024-05-24 00:00:00;5489.999
2024-05-24 01:00:00;5191.943
2024-05-24 02:00:00;5057.747
2024-05-24 03:00:00;4926.076
2024-05-24 04:00:00;5062.922
2024-05-24 05:00:00;5645.365
2024-05-24 06:00:00;6612.999
2024-05-24 07:00:00;7151.862
2024-05-24 08:00:00;7285.156
2024-05-24 09:00:00;7119.706
2024-05-24 10:00:00;7005.861
2024-05-24 11:00:00;6908.473
2024-05-24 12:00:00;6585.821
2024-05-24 13:00:00;6400.692
2024-05-24 14:00:00;6315.88
2024-05-24 15:00:00;6490.054
2024-05-24 16:00:00;6664.675
2024-05-24 17:00:00;6775.589
2024-05-24 18:00:00;6675.457
2024-05-24 19:00:00;6573.848
2024-05-24 20:00:00;6419.633
2024-05-24 21:00:00;6148.267
2024-05-24 22:00:00;5873.934
2024-05-24 23:00:00;5418.853
2024-05-25 00:00:00;5160.546
2024-05-25 01:00:00;4835.058
2024-05-25 02:00:00;4687.376
2024-05-25 03:00:00;4539.802
2024-05-25 04:00:00;4561.939
2024-05-25 05:00:00;4651.789
2024-05-25 06:00:00;4877.553
2024-05-25 07:00:00;5161.732
2024-05-25 08:00:00;5557.681
2024-05-25 09:00:00;5802.509
2024-05-25 10:00:00;5794.862
2024-05-25 11:00:00;5645.952
2024-05-25 12:00:00;5546.197
2024-05-25 13:00:00;5612.97
2024-05-25 14:00:00;5687.625
2024-05-25 15:00:00;5572.105
2024-05-25 16:00:00;5462.013
2024-05-25 17:00:00;5462.63
2024-05-25 18:00:00;5576.419
2024-05-25 19:00:00;5593.296
2024-05-25 20:00:00;5587.501
2024-05-25 21:00:00;5468.466
2024-05-25 22:00:00;5324.36
2024-05-25 23:00:00;4964.207
2024-05-26 00:00:00;4694.815
2024-05-26 01:00:00;4396.352
2024-05-26 02:00:00;4319.503
2024-05-26 03:00:00;4206.951
2024-05-26 04:00:00;4177.642
2024-05-26 05:00:00;4227.61
2024-05-26 06:00:00;4415.542
2024-05-26 07:00:00;4687.847
2024-05-26 08:00:00;5048.426
2024-05-26 09:00:00;5307.165
2024-05-26 10:00:00;5502.672
2024-05-26 11:00:00;5561.248
2024-05-26 12:00:00;5334.168
2024-05-26 13:00:00;5051.676
2024-05-26 14:00:00;4725.692
2024-05-26 15:00:00;4597.656
2024-05-26 16:00:00;4575.138
2024-05-26 17:00:00;4787.082
2024-05-26 18:00:00;5084.279
2024-05-26 19:00:00;5340.825
2024-05-26 20:00:00;5510.066
2024-05-26 21:00:00;5441.729
2024-05-26 22:00:00;5388.763
2024-05-26 23:00:00;5029.792
2024-05-27 00:00:00;4843.486
2024-05-27 01:00:00;4620.009
2024-05-27 02:00:00;4558.355
2024-05-27 03:00:00;4513.153
2024-05-27 04:00:00;4655.661
2024-05-27 05:00:00;5252.588
2024-05-27 06:00:00;6199.557
2024-05-27 07:00:00;6734.511
2024-05-27 08:00:00;6904.838
2024-05-27 09:00:00;6853.739
2024-05-27 10:00:00;6797.415
2024-05-27 11:00:00;6727.447
2024-05-27 12:00:00;6686.349
2024-05-27 13:00:00;6680.619
2024-05-27 14:00:00;6711.419
2024-05-27 15:00:00;6697.054
2024-05-27 16:00:00;6636.616
2024-05-27 17:00:00;6625.529
2024-05-27 18:00:00;6789.337
2024-05-27 19:00:00;6904.686
2024-05-27 20:00:00;6797.26
2024-05-27 21:00:00;6471.969
2024-05-27 22:00:00;6112.841
2024-05-27 23:00:00;5585.607
2024-05-28 00:00:00;5326.795
2024-05-28 01:00:00;5022.969
2024-05-28 02:00:00;4918.533
2024-05-28 03:00:00;4821.377
2024-05-28 04:00:00;4918.455
2024-05-28 05:00:00;5459.091
2024-05-28 06:00:00;6464.216
2024-05-28 07:00:00;7058.085
2024-05-28 08:00:00;7382.748
2024-05-28 09:00:00;7500.565
2024-05-28 10:00:00;7517.723
2024-05-28 11:00:00;7690.092
2024-05-28 12:00:00;7672.542
2024-05-28 13:00:00;7702.533
2024-05-28 14:00:00;7514.525
2024-05-28 15:00:00;7212.76
2024-05-28 16:00:00;7044.974
2024-05-28 17:00:00;7048.605
2024-05-28 18:00:00;7045.619
2024-05-28 19:00:00;6927.008
2024-05-28 20:00:00;6746.596
2024-05-28 21:00:00;6483.473
2024-05-28 22:00:00;6109.265
2024-05-28 23:00:00;5661.339
2024-05-29 00:00:00;5367.127
2024-05-29 01:00:00;5121.836
2024-05-29 02:00:00;4997.999
2024-05-29 03:00:00;4908.594
2024-05-29 04:00:00;5045.837
2024-05-29 05:00:00;5565.91
2024-05-29 06:00:00;6417.406
2024-05-29 07:00:00;6902.12
2024-05-29 08:00:00;6959.946
2024-05-29 09:00:00;6749.913
2024-05-29 10:00:00;6639.233
2024-05-29 11:00:00;6601.787
2024-05-29 12:00:00;6449.753
2024-05-29 13:00:00;6424.227
2024-05-29 14:00:00;6425.762
2024-05-29 15:00:00;6368.162
2024-05-29 16:00:00;6374.185
2024-05-29 17:00:00;6421.516
2024-05-29 18:00:00;6497.168
2024-05-29 19:00:00;6648.651
2024-05-29 20:00:00;6558.09
2024-05-29 21:00:00;6333.688
2024-05-29 22:00:00;6000.499
2024-05-29 23:00:00;5522.501
2024-05-30 00:00:00;5228.98
2024-05-30 01:00:00;4898.972
2024-05-30 02:00:00;4791.501
2024-05-30 03:00:00;4602.309
2024-05-30 04:00:00;4559.787
2024-05-30 05:00:00;4563.824
2024-05-30 06:00:00;4629.149
2024-05-30 07:00:00;4806.321
2024-05-30 08:00:00;5007.931
2024-05-30 09:00:00;5181.401
2024-05-30 10:00:00;5345.438
2024-05-30 11:00:00;5552.207
2024-05-30 12:00:00;5486.632
2024-05-30 13:00:00;5347.175
2024-05-30 14:00:00;5423.849
2024-05-30 15:00:00;5549.827
2024-05-30 16:00:00;5483.738
2024-05-30 17:00:00;5647.979
2024-05-30 18:00:00;5688.624
2024-05-30 19:00:00;5711.442
2024-05-30 20:00:00;5697.69
2024-05-30 21:00:00;5594.067
2024-05-30 22:00:00;5415.634
2024-05-30 23:00:00;5063.559
2024-05-31 00:00:00;4832.314
2024-05-31 01:00:00;4575.369
2024-05-31 02:00:00;4480.465
2024-05-31 03:00:00;4402.957
2024-05-31 04:00:00;4490.797
2024-05-31 05:00:00;4905.914
2024-05-31 06:00:00;5581.83
2024-05-31 07:00:00;6126.792
2024-05-31 08:00:00;6655.23
2024-05-31 09:00:00;7015.474
2024-05-31 10:00:00;7275.376
2024-05-31 11:00:00;7415.17
2024-05-31 12:00:00;7213.392
2024-05-31 13:00:00;7013.51
2024-05-31 14:00:00;6699.512
2024-05-31 15:00:00;6360.697
2024-05-31 16:00:00;6395.431
2024-05-31 17:00:00;6483.869
2024-05-31 18:00:00;6493.061
2024-05-31 19:00:00;6394.983
2024-05-31 20:00:00;6178.635
2024-05-31 21:00:00;5830.938
2024-05-31 22:00:00;5609.253
2024-05-31 23:00:00;5237.033
2024-06-01 00:00:00;5032.097
2024-06-01 01:00:00;4755.696
2024-06-01 02:00:00;4668.614
2024-06-01 03:00:00;4505.929
2024-06-01 04:00:00;4510.293
2024-06-01 05:00:00;4667.409
2024-06-01 06:00:00;4938.69
2024-06-01 07:00:00;5239.776
2024-06-01 08:00:00;5633.512
2024-06-01 09:00:00;5961.531
2024-06-01 10:00:00;6188.257
2024-06-01 11:00:00;6416.119
2024-06-01 12:00:00;6376.001
2024-06-01 13:00:00;6237.881
2024-06-01 14:00:00;6032.379
2024-06-01 15:00:00;5825.475
2024-06-01 16:00:00;5746.72
2024-06-01 17:00:00;5810.154
2024-06-01 18:00:00;5776.9
2024-06-01 19:00:00;5707.916
2024-06-01 20:00:00;5682.617
2024-06-01 21:00:00;5499.403
2024-06-01 22:00:00;5336.131
2024-06-01 23:00:00;4993.4
2024-06-02 00:00:00;4751.445
2024-06-02 01:00:00;4434.548
2024-06-02 02:00:00;4352.736
2024-06-02 03:00:00;4218.444
2024-06-02 04:00:00;4203.871
2024-06-02 05:00:00;4241.735
2024-06-02 06:00:00;4385.611
2024-06-02 07:00:00;4638.336
2024-06-02 08:00:00;5009.01
2024-06-02 09:00:00;5360.216
2024-06-02 10:00:00;5585.561
2024-06-02 11:00:00;5648.425
2024-06-02 12:00:00;5325.656
2024-06-02 13:00:00;4933.322
2024-06-02 14:00:00;4703.413
2024-06-02 15:00:00;4519.152
2024-06-02 16:00:00;4601.36
2024-06-02 17:00:00;4784.908
2024-06-02 18:00:00;5112.313
2024-06-02 19:00:00;5389.973
2024-06-02 20:00:00;5570.391
2024-06-02 21:00:00;5516.17
2024-06-02 22:00:00;5474.158
2024-06-02 23:00:00;5074.051
2024-06-03 00:00:00;4945.918
2024-06-03 01:00:00;4680.029
2024-06-03 02:00:00;4574.292
2024-06-03 03:00:00;4513.658
2024-06-03 04:00:00;4685.365
2024-06-03 05:00:00;5305.665
2024-06-03 06:00:00;6357.934
2024-06-03 07:00:00;7044.266
2024-06-03 08:00:00;7493.326
2024-06-03 09:00:00;7706.821
2024-06-03 10:00:00;7710.475
2024-06-03 11:00:00;7729.018
2024-06-03 12:00:00;7629.229
2024-06-03 13:00:00;7714.814
2024-06-03 14:00:00;7665.435
2024-06-03 15:00:00;7486.688
2024-06-03 16:00:00;7338.906
2024-06-03 17:00:00;7350.186
2024-06-03 18:00:00;7299.232
2024-06-03 19:00:00;7121.762
2024-06-03 20:00:00;6876.83
2024-06-03 21:00:00;6504.225
2024-06-03 22:00:00;6160.976
2024-06-03 23:00:00;5746.309
2024-06-04 00:00:00;5408.677
2024-06-04 01:00:00;5144.449
2024-06-04 02:00:00;5041.275
2024-06-04 03:00:00;4953.315
2024-06-04 04:00:00;5080.368
2024-06-04 05:00:00;5696.993
2024-06-04 06:00:00;6715.709
2024-06-04 07:00:00;7307.339
2024-06-04 08:00:00;7607.266
2024-06-04 09:00:00;7484.519
2024-06-04 10:00:00;7246.466
2024-06-04 11:00:00;7186.205
2024-06-04 12:00:00;6947.046
2024-06-04 13:00:00;6799.748
2024-06-04 14:00:00;6575.086
2024-06-04 15:00:00;6451.855
2024-06-04 16:00:00;6383.676
2024-06-04 17:00:00;6455.262
2024-06-04 18:00:00;6611.938
2024-06-04 19:00:00;6778.255
2024-06-04 20:00:00;6728.03
2024-06-04 21:00:00;6511.853
2024-06-04 22:00:00;6197.027
2024-06-04 23:00:00;5714.919
2024-06-05 00:00:00;5452.545
2024-06-05 01:00:00;5121.617
2024-06-05 02:00:00;5026.697
2024-06-05 03:00:00;4958.598
2024-06-05 04:00:00;5083.071
2024-06-05 05:00:00;5570.282
2024-06-05 06:00:00;6487.51
2024-06-05 07:00:00;6929.482
2024-06-05 08:00:00;7017.678
2024-06-05 09:00:00;6861.32
2024-06-05 10:00:00;6819.994
2024-06-05 11:00:00;6838.45
2024-06-05 12:00:00;6796.812
2024-06-05 13:00:00;6728.13
2024-06-05 14:00:00;6616.257
2024-06-05 15:00:00;6527.75
2024-06-05 16:00:00;6584.85
2024-06-05 17:00:00;6740.113
2024-06-05 18:00:00;6798.284
2024-06-05 19:00:00;6862.236
2024-06-05 20:00:00;6856.181
2024-06-05 21:00:00;6593.943
2024-06-05 22:00:00;6233.188
2024-06-05 23:00:00;5760.533
2024-06-06 00:00:00;5425.576
2024-06-06 01:00:00;5142.176
2024-06-06 02:00:00;5039.06
2024-06-06 03:00:00;4954.566
2024-06-06 04:00:00;5075.345
2024-06-06 05:00:00;5572.519
2024-06-06 06:00:00;6492.561
2024-06-06 07:00:00;6988.642
2024-06-06 08:00:00;7127.499
2024-06-06 09:00:00;7070.253
2024-06-06 10:00:00;7035.666
2024-06-06 11:00:00;7022.596
2024-06-06 12:00:00;6794.898
2024-06-06 13:00:00;6676.227
2024-06-06 14:00:00;6596.293
2024-06-06 15:00:00;6658.093
2024-06-06 16:00:00;6710.105
2024-06-06 17:00:00;6826.58
2024-06-06 18:00:00;6950.809
2024-06-06 19:00:00;7007.54
2024-06-06 20:00:00;6940.695
2024-06-06 21:00:00;6610.127
2024-06-06 22:00:00;6216.814
2024-06-06 23:00:00;5791.861
2024-06-07 00:00:00;5477.571
2024-06-07 01:00:00;5175.568
2024-06-07 02:00:00;5050.106
2024-06-07 03:00:00;4990.928
2024-06-07 04:00:00;5028.036
2024-06-07 05:00:00;5529.358
2024-06-07 06:00:00;6420.686
2024-06-07 07:00:00;6866.479
2024-06-07 08:00:00;6982.855
2024-06-07 09:00:00;6938.699
2024-06-07 10:00:00;7045.331
2024-06-07 11:00:00;7090.824
2024-06-07 12:00:00;6910.012
2024-06-07 13:00:00;6809.162
2024-06-07 14:00:00;6836.027
2024-06-07 15:00:00;6711.315
2024-06-07 16:00:00;6663.837
2024-06-07 17:00:00;6721.779
2024-06-07 18:00:00;6687.63
2024-06-07 19:00:00;6715.148
2024-06-07 20:00:00;6504.728
2024-06-07 21:00:00;6250.507
2024-06-07 22:00:00;5973.66
2024-06-07 23:00:00;5544.85
2024-06-08 00:00:00;5313.152
2024-06-08 01:00:00;5001.679
2024-06-08 02:00:00;4818.408
2024-06-08 03:00:00;4675.31
2024-06-08 04:00:00;4613.392
2024-06-08 05:00:00;4665.799
2024-06-08 06:00:00;4906.832
2024-06-08 07:00:00;5153.045
2024-06-08 08:00:00;5416.183
2024-06-08 09:00:00;5576.302
2024-06-08 10:00:00;5608.862
2024-06-08 11:00:00;5675.979
2024-06-08 12:00:00;5567.597
2024-06-08 13:00:00;5493.112
2024-06-08 14:00:00;5501.567
2024-06-08 15:00:00;5528.034
2024-06-08 16:00:00;5697.988
2024-06-08 17:00:00;5949.532
2024-06-08 18:00:00;5992.276
2024-06-08 19:00:00;5868.829
2024-06-08 20:00:00;5760.366
2024-06-08 21:00:00;5610.477
2024-06-08 22:00:00;5483.038
2024-06-08 23:00:00;5107.31
2024-06-09 00:00:00;4861.031
2024-06-09 01:00:00;4546.051
2024-06-09 02:00:00;4425.063
2024-06-09 03:00:00;4293.821
2024-06-09 04:00:00;4275.929
2024-06-09 05:00:00;4275.293
2024-06-09 06:00:00;4417.232
2024-06-09 07:00:00;4718.257
2024-06-09 08:00:00;5086.926
2024-06-09 09:00:00;5275.826
2024-06-09 10:00:00;5316.01
2024-06-09 11:00:00;5235.428
2024-06-09 12:00:00;5179.747
2024-06-09 13:00:00;5080.102
2024-06-09 14:00:00;5033.427
2024-06-09 15:00:00;5126.781
2024-06-09 16:00:00;5297.745
2024-06-09 17:00:00;5577.782
2024-06-09 18:00:00;5837.771
2024-06-09 19:00:00;5862.433
2024-06-09 20:00:00;5735.992
2024-06-09 21:00:00;5651.847
2024-06-09 22:00:00;5602.063
2024-06-09 23:00:00;5226.556
2024-06-10 00:00:00;5061.524
2024-06-10 01:00:00;4805.128
2024-06-10 02:00:00;4729.964
2024-06-10 03:00:00;4662.272
2024-06-10 04:00:00;4852.838
2024-06-10 05:00:00;5407.679
2024-06-10 06:00:00;6597.364
2024-06-10 07:00:00;7332.959
2024-06-10 08:00:00;7858.293
2024-06-10 09:00:00;8009.706
2024-06-10 10:00:00;8199.641
2024-06-10 11:00:00;8278.645
2024-06-10 12:00:00;7789.853
2024-06-10 13:00:00;7788.974
2024-06-10 14:00:00;7503.61
2024-06-10 15:00:00;7258.003
2024-06-10 16:00:00;7007.924
2024-06-10 17:00:00;6846.944
2024-06-10 18:00:00;6856.896
2024-06-10 19:00:00;6889.637
2024-06-10 20:00:00;6774.865
2024-06-10 21:00:00;6540.25
2024-06-10 22:00:00;6230.584
2024-06-10 23:00:00;5724.126
2024-06-11 00:00:00;5482.799
2024-06-11 01:00:00;5181.041
2024-06-11 02:00:00;5059.457
2024-06-11 03:00:00;4950.461
2024-06-11 04:00:00;5050.127
2024-06-11 05:00:00;5609.096
2024-06-11 06:00:00;6602.575
2024-06-11 07:00:00;7289.055
2024-06-11 08:00:00;7695.044
2024-06-11 09:00:00;7834.943
2024-06-11 10:00:00;7860.797
2024-06-11 11:00:00;7741.666
2024-06-11 12:00:00;7534.903
2024-06-11 13:00:00;7454.891
2024-06-11 14:00:00;7306.588
2024-06-11 15:00:00;7119.687
2024-06-11 16:00:00;7084.12
2024-06-11 17:00:00;7156.573
2024-06-11 18:00:00;7179.495
2024-06-11 19:00:00;7088.269
2024-06-11 20:00:00;6836.667
2024-06-11 21:00:00;6490.274
2024-06-11 22:00:00;6120.882
2024-06-11 23:00:00;5639.155
2024-06-12 00:00:00;5387.263
2024-06-12 01:00:00;5139.585
2024-06-12 02:00:00;5036.033
2024-06-12 03:00:00;4962.463
2024-06-12 04:00:00;5105.693
2024-06-12 05:00:00;5624.754
2024-06-12 06:00:00;6634.564
2024-06-12 07:00:00;7355.25
2024-06-12 08:00:00;7782.514
2024-06-12 09:00:00;7857.209
2024-06-12 10:00:00;7812.826
2024-06-12 11:00:00;7716.207
2024-06-12 12:00:00;7377.477
2024-06-12 13:00:00;7186.066
2024-06-12 14:00:00;6828.403
2024-06-12 15:00:00;6701.545
2024-06-12 16:00:00;6703.406
2024-06-12 17:00:00;6847.602
2024-06-12 18:00:00;6918.735
2024-06-12 19:00:00;6934.959
2024-06-12 20:00:00;6790.893
2024-06-12 21:00:00;6455.527
2024-06-12 22:00:00;6186.299
2024-06-12 23:00:00;5671.206
2024-06-13 00:00:00;5468.149
2024-06-13 01:00:00;5161.539
2024-06-13 02:00:00;5023.285
2024-06-13 03:00:00;4938.665
2024-06-13 04:00:00;5031.068
2024-06-13 05:00:00;5506.045
2024-06-13 06:00:00;6497.901
2024-06-13 07:00:00;7265.627
2024-06-13 08:00:00;7672.706
2024-06-13 09:00:00;7686.777
2024-06-13 10:00:00;7551.869
2024-06-13 11:00:00;7350.12
2024-06-13 12:00:00;7088.237
2024-06-13 13:00:00;7167.391
2024-06-13 14:00:00;7178.165
2024-06-13 15:00:00;7011.876
2024-06-13 16:00:00;6858.937
2024-06-13 17:00:00;6707.641
2024-06-13 18:00:00;6707.16
2024-06-13 19:00:00;6802.128
2024-06-13 20:00:00;6716.364
2024-06-13 21:00:00;6557.069
2024-06-13 22:00:00;6248.751
2024-06-13 23:00:00;5745.962
2024-06-14 00:00:00;5469.932
2024-06-14 01:00:00;5164.987
2024-06-14 02:00:00;5055.702
2024-06-14 03:00:00;5002.019
2024-06-14 04:00:00;5079.778
2024-06-14 05:00:00;5586.701
2024-06-14 06:00:00;6318.102
2024-06-14 07:00:00;6777.218
2024-06-14 08:00:00;6838.658
2024-06-14 09:00:00;6741.567
2024-06-14 10:00:00;6694.54
2024-06-14 11:00:00;6730.646
2024-06-14 12:00:00;6594.425
2024-06-14 13:00:00;6553.838
2024-06-14 14:00:00;6509.912
2024-06-14 15:00:00;6617.23
2024-06-14 16:00:00;6711.177
2024-06-14 17:00:00;6437.223
2024-06-14 18:00:00;6239.143
2024-06-14 19:00:00;6387.281
2024-06-14 20:00:00;6352.059
2024-06-14 21:00:00;6151.378
2024-06-14 22:00:00;5923.598
2024-06-14 23:00:00;5453.971
2024-06-15 00:00:00;5193.285
2024-06-15 01:00:00;4863.887
2024-06-15 02:00:00;4716.624
2024-06-15 03:00:00;4586.869
2024-06-15 04:00:00;4554.41
2024-06-15 05:00:00;4646.41
2024-06-15 06:00:00;4880.719
2024-06-15 07:00:00;5069.584
2024-06-15 08:00:00;5276.189
2024-06-15 09:00:00;5515.059
2024-06-15 10:00:00;5718.396
2024-06-15 11:00:00;5810.897
2024-06-15 12:00:00;5663.402
2024-06-15 13:00:00;5657.6
2024-06-15 14:00:00;5594.556
2024-06-15 15:00:00;5753.866
2024-06-15 16:00:00;5905.679
2024-06-15 17:00:00;6082.461
2024-06-15 18:00:00;6044.149
2024-06-15 19:00:00;5916.213
2024-06-15 20:00:00;5803.684
2024-06-15 21:00:00;5619.658
2024-06-15 22:00:00;5415.544
2024-06-15 23:00:00;5005.834
2024-06-16 00:00:00;4777.771
2024-06-16 01:00:00;4497.915
2024-06-16 02:00:00;4411.938
2024-06-16 03:00:00;4294.939
2024-06-16 04:00:00;4265.801
2024-06-16 05:00:00;4326.535
2024-06-16 06:00:00;4472.213
2024-06-16 07:00:00;4710.845
2024-06-16 08:00:00;5084.875
2024-06-16 09:00:00;5415.029
2024-06-16 10:00:00;5622.624
2024-06-16 11:00:00;5721.527
2024-06-16 12:00:00;5479.956
2024-06-16 13:00:00;5261.357
2024-06-16 14:00:00;4895.284
2024-06-16 15:00:00;4710.843
2024-06-16 16:00:00;4618.996
2024-06-16 17:00:00;4711.764
2024-06-16 18:00:00;4987.79
2024-06-16 19:00:00;5345.653
2024-06-16 20:00:00;5585.255
2024-06-16 21:00:00;5617.825
2024-06-16 22:00:00;5616.247
2024-06-16 23:00:00;5259.315
2024-06-17 00:00:00;4991.326
2024-06-17 01:00:00;4726.532
2024-06-17 02:00:00;4683.016
2024-06-17 03:00:00;4604.759
2024-06-17 04:00:00;4742.292
2024-06-17 05:00:00;5299.111
2024-06-17 06:00:00;6258.965
2024-06-17 07:00:00;6830.248
2024-06-17 08:00:00;7002.862
2024-06-17 09:00:00;6862.906
2024-06-17 10:00:00;6699.421
2024-06-17 11:00:00;6709.916
2024-06-17 12:00:00;6605.806
2024-06-17 13:00:00;6603.155
2024-06-17 14:00:00;6643.707
2024-06-17 15:00:00;6710.771
2024-06-17 16:00:00;6683.825
2024-06-17 17:00:00;6851.977
2024-06-17 18:00:00;6929.523
2024-06-17 19:00:00;6944.095
2024-06-17 20:00:00;6858.895
2024-06-17 21:00:00;6570.813
2024-06-17 22:00:00;6252.713
2024-06-17 23:00:00;5746.071
2024-06-18 00:00:00;5479.023
2024-06-18 01:00:00;5160.258
2024-06-18 02:00:00;5014.52
2024-06-18 03:00:00;4935.024
2024-06-18 04:00:00;5064.109
2024-06-18 05:00:00;5578.981
2024-06-18 06:00:00;6465.596
2024-06-18 07:00:00;6904.076
2024-06-18 08:00:00;7003.285
2024-06-18 09:00:00;6890.854
2024-06-18 10:00:00;6828.561
2024-06-18 11:00:00;6811.391
2024-06-18 12:00:00;6642.366
2024-06-18 13:00:00;6591.572
2024-06-18 14:00:00;6485.127
2024-06-18 15:00:00;6497.534
2024-06-18 16:00:00;6598.972
2024-06-18 17:00:00;6816.153
2024-06-18 18:00:00;7013.801
2024-06-18 19:00:00;7106.612
2024-06-18 20:00:00;7034.47
2024-06-18 21:00:00;6838.469
2024-06-18 22:00:00;6559.443
2024-06-18 23:00:00;6018.894
2024-06-19 00:00:00;5636.386
2024-06-19 01:00:00;5310.919
2024-06-19 02:00:00;5141.962
2024-06-19 03:00:00;5063.674
2024-06-19 04:00:00;5137.359
2024-06-19 05:00:00;5598.689
2024-06-19 06:00:00;6610.448
2024-06-19 07:00:00;7110.614
2024-06-19 08:00:00;7271.822
2024-06-19 09:00:00;7196.19
2024-06-19 10:00:00;7143.505
2024-06-19 11:00:00;7134.708
2024-06-19 12:00:00;6973.288
2024-06-19 13:00:00;6868.427
2024-06-19 14:00:00;6832.119
2024-06-19 15:00:00;6813.632
2024-06-19 16:00:00;6931.472
2024-06-19 17:00:00;7165.785
2024-06-19 18:00:00;7286.23
2024-06-19 19:00:00;7222.448
2024-06-19 20:00:00;7119.806
2024-06-19 21:00:00;6948.512
2024-06-19 22:00:00;6702.329
2024-06-19 23:00:00;6147.162
2024-06-20 00:00:00;5763.73
2024-06-20 01:00:00;5439.542
2024-06-20 02:00:00;5290.877
2024-06-20 03:00:00;5185.197
2024-06-20 04:00:00;5257.339
2024-06-20 05:00:00;5712.648
2024-06-20 06:00:00;6726.362
2024-06-20 07:00:00;7309.309
2024-06-20 08:00:00;7645.686
2024-06-20 09:00:00;7625.065
2024-06-20 10:00:00;7553.685
2024-06-20 11:00:00;7492.402
2024-06-20 12:00:00;7149.247
2024-06-20 13:00:00;7029.469
2024-06-20 14:00:00;6856.636
2024-06-20 15:00:00;6750.233
2024-06-20 16:00:00;6827.675
2024-06-20 17:00:00;7124.962
2024-06-20 18:00:00;7427.411
2024-06-20 19:00:00;7321.59
2024-06-20 20:00:00;7104.963
2024-06-20 21:00:00;6852.177
2024-06-20 22:00:00;6550.824
2024-06-20 23:00:00;6028.688
2024-06-21 00:00:00;5748.475
2024-06-21 01:00:00;5407.443
2024-06-21 02:00:00;5259.256
2024-06-21 03:00:00;5146.719
2024-06-21 04:00:00;5256.258
2024-06-21 05:00:00;5659.229
2024-06-21 06:00:00;6580.317
2024-06-21 07:00:00;7124.111
2024-06-21 08:00:00;7406.376
2024-06-21 09:00:00;7501.626
2024-06-21 10:00:00;7470.48
2024-06-21 11:00:00;7460.712
2024-06-21 12:00:00;7227.232
2024-06-21 13:00:00;6912.463
2024-06-21 14:00:00;7047.675
2024-06-21 15:00:00;7309.437
2024-06-21 16:00:00;7319.146
2024-06-21 17:00:00;7425.159
2024-06-21 18:00:00;7381.077
2024-06-21 19:00:00;7041.663
2024-06-21 20:00:00;6840.235
2024-06-21 21:00:00;6590.147
2024-06-21 22:00:00;6272.327
2024-06-21 23:00:00;5823.744
2024-06-22 00:00:00;5537.861
2024-06-22 01:00:00;5188.498
2024-06-22 02:00:00;5043.248
2024-06-22 03:00:00;4856.311
2024-06-22 04:00:00;4774.373
2024-06-22 05:00:00;4834.822
2024-06-22 06:00:00;5131.217
2024-06-22 07:00:00;5515.641
2024-06-22 08:00:00;5937.31
2024-06-22 09:00:00;6231.77
2024-06-22 10:00:00;6339.958
2024-06-22 11:00:00;6210.019
2024-06-22 12:00:00;5965.746
2024-06-22 13:00:00;5642.414
2024-06-22 14:00:00;5363.923
2024-06-22 15:00:00;5385.291
2024-06-22 16:00:00;5543.509
2024-06-22 17:00:00;5832.24
2024-06-22 18:00:00;5881.005
2024-06-22 19:00:00;5818.687
2024-06-22 20:00:00;5740.873
2024-06-22 21:00:00;5632.209
2024-06-22 22:00:00;5507.722
2024-06-22 23:00:00;5112.491
2024-06-23 00:00:00;4888.296
2024-06-23 01:00:00;4587.451
2024-06-23 02:00:00;4494.857
2024-06-23 03:00:00;4317.392
2024-06-23 04:00:00;4293.207
2024-06-23 05:00:00;4299.88
2024-06-23 06:00:00;4413.027
2024-06-23 07:00:00;4675.625
2024-06-23 08:00:00;5025.795
2024-06-23 09:00:00;5207.801
2024-06-23 10:00:00;5331.651
2024-06-23 11:00:00;5409.419
2024-06-23 12:00:00;5340.966
2024-06-23 13:00:00;5214.527
2024-06-23 14:00:00;5079.956
2024-06-23 15:00:00;4979.344
2024-06-23 16:00:00;5018.882
2024-06-23 17:00:00;5232.784
2024-06-23 18:00:00;5400.341
2024-06-23 19:00:00;5568.081
2024-06-23 20:00:00;5683.276
2024-06-23 21:00:00;5688.581
2024-06-23 22:00:00;5775.437
2024-06-23 23:00:00;5303.152
2024-06-24 00:00:00;5039.234
2024-06-24 01:00:00;4778.451
2024-06-24 02:00:00;4729.184
2024-06-24 03:00:00;4625.137
2024-06-24 04:00:00;4778.997
2024-06-24 05:00:00;5253.014
2024-06-24 06:00:00;6260.292
2024-06-24 07:00:00;6772.349
2024-06-24 08:00:00;6929.551
2024-06-24 09:00:00;6931.523
2024-06-24 10:00:00;6957.24
2024-06-24 11:00:00;7059.413
2024-06-24 12:00:00;7000.853
2024-06-24 13:00:00;6954.384
2024-06-24 14:00:00;6830.624
2024-06-24 15:00:00;6683.665
2024-06-24 16:00:00;6585.908
2024-06-24 17:00:00;6664.495
2024-06-24 18:00:00;6742.474
2024-06-24 19:00:00;6898.303
2024-06-24 20:00:00;6780.472
2024-06-24 21:00:00;6605.55
2024-06-24 22:00:00;6332.664
2024-06-24 23:00:00;5793.054
2024-06-25 00:00:00;5487.131
2024-06-25 01:00:00;5145.614
2024-06-25 02:00:00;5023.281
2024-06-25 03:00:00;4906.66
2024-06-25 04:00:00;4986.639
2024-06-25 05:00:00;5479.663
2024-06-25 06:00:00;6415.917
2024-06-25 07:00:00;6907.223
2024-06-25 08:00:00;7150.993
2024-06-25 09:00:00;7053.69
2024-06-25 10:00:00;7094.124
2024-06-25 11:00:00;7204.102
2024-06-25 12:00:00;7147.888
2024-06-25 13:00:00;7105.163
2024-06-25 14:00:00;6984.589
2024-06-25 15:00:00;6947.281
2024-06-25 16:00:00;6911.684
2024-06-25 17:00:00;6979.902
2024-06-25 18:00:00;6996.883
2024-06-25 19:00:00;7019.688
2024-06-25 20:00:00;6943.482
2024-06-25 21:00:00;6745.764
2024-06-25 22:00:00;6429.279
2024-06-25 23:00:00;5879.859
2024-06-26 00:00:00;5652.043
2024-06-26 01:00:00;5321.367
2024-06-26 02:00:00;5121.603
2024-06-26 03:00:00;5001.404
2024-06-26 04:00:00;5113.871
2024-06-26 05:00:00;5683.083
2024-06-26 06:00:00;6616.783
2024-06-26 07:00:00;7125.291
2024-06-26 08:00:00;7357.477
2024-06-26 09:00:00;7363.859
2024-06-26 10:00:00;7453.146
2024-06-26 11:00:00;7663.524
2024-06-26 12:00:00;7393.567
2024-06-26 13:00:00;7056.118
2024-06-26 14:00:00;6852.428
2024-06-26 15:00:00;6884.04
2024-06-26 16:00:00;7103.229
2024-06-26 17:00:00;7128.96
2024-06-26 18:00:00;7134.504
2024-06-26 19:00:00;7049.817
2024-06-26 20:00:00;6924.663
2024-06-26 21:00:00;6737.739
2024-06-26 22:00:00;6470.557
2024-06-26 23:00:00;5987.709
2024-06-27 00:00:00;5648.782
2024-06-27 01:00:00;5346.397
2024-06-27 02:00:00;5182.661
2024-06-27 03:00:00;5039.65
2024-06-27 04:00:00;5156.588
2024-06-27 05:00:00;5666.135
2024-06-27 06:00:00;6647.007
2024-06-27 07:00:00;7260.361
2024-06-27 08:00:00;7724.358
2024-06-27 09:00:00;7918.432
2024-06-27 10:00:00;7937.3
2024-06-27 11:00:00;7778.45
2024-06-27 12:00:00;7391.732
2024-06-27 13:00:00;7271.652
2024-06-27 14:00:00;7175.012
2024-06-27 15:00:00;7243.479
2024-06-27 16:00:00;7213.501
2024-06-27 17:00:00;7031.714
2024-06-27 18:00:00;6970.614
2024-06-27 19:00:00;7008.899
2024-06-27 20:00:00;6925.8
2024-06-27 21:00:00;6742.246
2024-06-27 22:00:00;6441.383
2024-06-27 23:00:00;5895.404
2024-06-28 00:00:00;5619.226
2024-06-28 01:00:00;5308.658
2024-06-28 02:00:00;5142.849
2024-06-28 03:00:00;5055.68
2024-06-28 04:00:00;5178.865
2024-06-28 05:00:00;5649.379
2024-06-28 06:00:00;6450.607
2024-06-28 07:00:00;7127.718
2024-06-28 08:00:00;7379.463
2024-06-28 09:00:00;7339.909
2024-06-28 10:00:00;7317.336
2024-06-28 11:00:00;7248.486
2024-06-28 12:00:00;7073.062
2024-06-28 13:00:00;7127.54
2024-06-28 14:00:00;6779.024
2024-06-28 15:00:00;6770.427
2024-06-28 16:00:00;6739.96
2024-06-28 17:00:00;6611.025
2024-06-28 18:00:00;6621.973
2024-06-28 19:00:00;6749.533
2024-06-28 20:00:00;6600.58
2024-06-28 21:00:00;6472.048
2024-06-28 22:00:00;6225.607
2024-06-28 23:00:00;5766.59
2024-06-29 00:00:00;5467.57
2024-06-29 01:00:00;5143.942
2024-06-29 02:00:00;4979.859
2024-06-29 03:00:00;4816.76
2024-06-29 04:00:00;4766.048
2024-06-29 05:00:00;4841.178
2024-06-29 06:00:00;5032.419
2024-06-29 07:00:00;5298.612
2024-06-29 08:00:00;5676.604
2024-06-29 09:00:00;5933.114
2024-06-29 10:00:00;6069.705
2024-06-29 11:00:00;6097.504
2024-06-29 12:00:00;5935.831
2024-06-29 13:00:00;5782.796
2024-06-29 14:00:00;5733.575
2024-06-29 15:00:00;5774.459
2024-06-29 16:00:00;5877.223
2024-06-29 17:00:00;6024.248
2024-06-29 18:00:00;6141.123
2024-06-29 19:00:00;6119.244
2024-06-29 20:00:00;6118.824
2024-06-29 21:00:00;5945.182
2024-06-29 22:00:00;5799.486
2024-06-29 23:00:00;5378.48
2024-06-30 00:00:00;5086.64
2024-06-30 01:00:00;4816.866
2024-06-30 02:00:00;4713.195
2024-06-30 03:00:00;4544.044
2024-06-30 04:00:00;4513.02
2024-06-30 05:00:00;4504.356
2024-06-30 06:00:00;4587.223
2024-06-30 07:00:00;4801.157
2024-06-30 08:00:00;5085.245
2024-06-30 09:00:00;5246.819
2024-06-30 10:00:00;5356.785
2024-06-30 11:00:00;5365.033
2024-06-30 12:00:00;5285.023
2024-06-30 13:00:00;5335.44
2024-06-30 14:00:00;5308.096
2024-06-30 15:00:00;5312.982
2024-06-30 16:00:00;5555.504
2024-06-30 17:00:00;5863.063
2024-06-30 18:00:00;5971.412
2024-06-30 19:00:00;5946.414
2024-06-30 20:00:00;5909.49
2024-06-30 21:00:00;5788.501
2024-06-30 22:00:00;5748.752
2024-06-30 23:00:00;5333.879
2024-07-01 00:00:00;5112.32
2024-07-01 01:00:00;4892.563
2024-07-01 02:00:00;4775.982
2024-07-01 03:00:00;4701.386
2024-07-01 04:00:00;4845.481
2024-07-01 05:00:00;5384.309
2024-07-01 06:00:00;6426.24
2024-07-01 07:00:00;7177.164
2024-07-01 08:00:00;7654.57
2024-07-01 09:00:00;7807.571
2024-07-01 10:00:00;7800.832
2024-07-01 11:00:00;7767.603
2024-07-01 12:00:00;7741.126
2024-07-01 13:00:00;7822.484
2024-07-01 14:00:00;7609.245
2024-07-01 15:00:00;7583.943
2024-07-01 16:00:00;7516.958
2024-07-01 17:00:00;7460.188
2024-07-01 18:00:00;7347.343
2024-07-01 19:00:00;7151.378
2024-07-01 20:00:00;6882.033
2024-07-01 21:00:00;6604.189
2024-07-01 22:00:00;6262.117
2024-07-01 23:00:00;5810.67
2024-07-02 00:00:00;5508.457
2024-07-02 01:00:00;5166.075
2024-07-02 02:00:00;5073.087
2024-07-02 03:00:00;4960.075
2024-07-02 04:00:00;5038.363
2024-07-02 05:00:00;5518.467
2024-07-02 06:00:00;6392.053
2024-07-02 07:00:00;6868.652
2024-07-02 08:00:00;7134.993
2024-07-02 09:00:00;7062.286
2024-07-02 10:00:00;6985.395
2024-07-02 11:00:00;7101.463
2024-07-02 12:00:00;7098.134
2024-07-02 13:00:00;7106.154
2024-07-02 14:00:00;7003.752
2024-07-02 15:00:00;6990.726
2024-07-02 16:00:00;7012.221
2024-07-02 17:00:00;7143.751
2024-07-02 18:00:00;7121.827
2024-07-02 19:00:00;6963.722
2024-07-02 20:00:00;6721.251
2024-07-02 21:00:00;6348.007
2024-07-02 22:00:00;6110.38
2024-07-02 23:00:00;5666.023
2024-07-03 00:00:00;5377.988
2024-07-03 01:00:00;5132.845
2024-07-03 02:00:00;4980.42
2024-07-03 03:00:00;4927.573
2024-07-03 04:00:00;5025.085
2024-07-03 05:00:00;5513.238
2024-07-03 06:00:00;6478.843
2024-07-03 07:00:00;7157.242
2024-07-03 08:00:00;7554.024
2024-07-03 09:00:00;7614.968
2024-07-03 10:00:00;7625.684
2024-07-03 11:00:00;7446.608
2024-07-03 12:00:00;7083.329
2024-07-03 13:00:00;6897.907
2024-07-03 14:00:00;6724.28
2024-07-03 15:00:00;6757.825
2024-07-03 16:00:00;6801.492
2024-07-03 17:00:00;7007.691
2024-07-03 18:00:00;7138.512
2024-07-03 19:00:00;7061.558
2024-07-03 20:00:00;6830.308
2024-07-03 21:00:00;6577.489
2024-07-03 22:00:00;6261.025
2024-07-03 23:00:00;5739.658
2024-07-04 00:00:00;5458.039
2024-07-04 01:00:00;5140.932
2024-07-04 02:00:00;5057.004
2024-07-04 03:00:00;4952.998
2024-07-04 04:00:00;5064.117
2024-07-04 05:00:00;5563.564
2024-07-04 06:00:00;6420.842
2024-07-04 07:00:00;6959.407
2024-07-04 08:00:00;7238.302
2024-07-04 09:00:00;7240.926
2024-07-04 10:00:00;7164.373
2024-07-04 11:00:00;7041.101
2024-07-04 12:00:00;6823.773
2024-07-04 13:00:00;6776.318
2024-07-04 14:00:00;6826.191
2024-07-04 15:00:00;6782.32
2024-07-04 16:00:00;6632.462
2024-07-04 17:00:00;6688.212
2024-07-04 18:00:00;6777.038
2024-07-04 19:00:00;6777.913
2024-07-04 20:00:00;6662.927
2024-07-04 21:00:00;6531.773
2024-07-04 22:00:00;6197.028
2024-07-04 23:00:00;5662.435
2024-07-05 00:00:00;5416.804
2024-07-05 01:00:00;5145.249
2024-07-05 02:00:00;5019.949
2024-07-05 03:00:00;4930.037
2024-07-05 04:00:00;5008.809
2024-07-05 05:00:00;5500.559
2024-07-05 06:00:00;6275.106
2024-07-05 07:00:00;6777.914
2024-07-05 08:00:00;7119.663
2024-07-05 09:00:00;7149.163
2024-07-05 10:00:00;7112.953
2024-07-05 11:00:00;6855.021
2024-07-05 12:00:00;6416.05
2024-07-05 13:00:00;6173.436
2024-07-05 14:00:00;6088.054
2024-07-05 15:00:00;6086.106
2024-07-05 16:00:00;6123.3
2024-07-05 17:00:00;6332.951
2024-07-05 18:00:00;6523.247
2024-07-05 19:00:00;6548.699
2024-07-05 20:00:00;6416.301
2024-07-05 21:00:00;6293.891
2024-07-05 22:00:00;6003.535
2024-07-05 23:00:00;5521.263
2024-07-06 00:00:00;5263.599
2024-07-06 01:00:00;4948.817
2024-07-06 02:00:00;4785.388
2024-07-06 03:00:00;4636.593
2024-07-06 04:00:00;4599.225
2024-07-06 05:00:00;4701.691
2024-07-06 06:00:00;4905.899
2024-07-06 07:00:00;5241.691
2024-07-06 08:00:00;5624.227
2024-07-06 09:00:00;5844.523
2024-07-06 10:00:00;5819.621
2024-07-06 11:00:00;5787.903
2024-07-06 12:00:00;5486.585
2024-07-06 13:00:00;5321.011
2024-07-06 14:00:00;5288.529
2024-07-06 15:00:00;5404.851
2024-07-06 16:00:00;5562.004
2024-07-06 17:00:00;5762.799
2024-07-06 18:00:00;5819.196
2024-07-06 19:00:00;5898.209
2024-07-06 20:00:00;5882.118
2024-07-06 21:00:00;5725.634
2024-07-06 22:00:00;5513.879
2024-07-06 23:00:00;5112.895
2024-07-07 00:00:00;4891.756
2024-07-07 01:00:00;4564.012
2024-07-07 02:00:00;4473.017
2024-07-07 03:00:00;4311.333
2024-07-07 04:00:00;4296.761
2024-07-07 05:00:00;4341.091
2024-07-07 06:00:00;4509.148
2024-07-07 07:00:00;4817.605
2024-07-07 08:00:00;5218.615
2024-07-07 09:00:00;5596.165
2024-07-07 10:00:00;5800.192
2024-07-07 11:00:00;5908.689
2024-07-07 12:00:00;5652.326
2024-07-07 13:00:00;5467.317
2024-07-07 14:00:00;5360.537
2024-07-07 15:00:00;5361.992
2024-07-07 16:00:00;5430.003
2024-07-07 17:00:00;5599.789
2024-07-07 18:00:00;5741.948
2024-07-07 19:00:00;5724.095
2024-07-07 20:00:00;5768.648
2024-07-07 21:00:00;5656.881
2024-07-07 22:00:00;5622.115
2024-07-07 23:00:00;5206.419
2024-07-08 00:00:00;5002.886
2024-07-08 01:00:00;4783.335
2024-07-08 02:00:00;4710.531
2024-07-08 03:00:00;4638.712
2024-07-08 04:00:00;4764.247
2024-07-08 05:00:00;5329.581
2024-07-08 06:00:00;6289.836
2024-07-08 07:00:00;7050.156
2024-07-08 08:00:00;7518.264
2024-07-08 09:00:00;7626.348
2024-07-08 10:00:00;7661.808
2024-07-08 11:00:00;7543.456
2024-07-08 12:00:00;7246.2
2024-07-08 13:00:00;7123.257
2024-07-08 14:00:00;6975.089
2024-07-08 15:00:00;6849.793
2024-07-08 16:00:00;6737.226
2024-07-08 17:00:00;6800.843
2024-07-08 18:00:00;6903.9
2024-07-08 19:00:00;6966.603
2024-07-08 20:00:00;6838.532
2024-07-08 21:00:00;6644.876
2024-07-08 22:00:00;6344.662
2024-07-08 23:00:00;5773.958
2024-07-09 00:00:00;5517.118
2024-07-09 01:00:00;5187.628
2024-07-09 02:00:00;5036.139
2024-07-09 03:00:00;4951.972
2024-07-09 04:00:00;5078.408
2024-07-09 05:00:00;5576.933
2024-07-09 06:00:00;6514.757
2024-07-09 07:00:00;7014.368
2024-07-09 08:00:00;7226.796
2024-07-09 09:00:00;7174.144
2024-07-09 10:00:00;7127.193
2024-07-09 11:00:00;7105.712
2024-07-09 12:00:00;6927.142
2024-07-09 13:00:00;6954.852
2024-07-09 14:00:00;7065.105
2024-07-09 15:00:00;7069.206
2024-07-09 16:00:00;7057.774
2024-07-09 17:00:00;7115.933
2024-07-09 18:00:00;7160.278
2024-07-09 19:00:00;7141.484
2024-07-09 20:00:00;7054.164
2024-07-09 21:00:00;6783.927
2024-07-09 22:00:00;6523.516
2024-07-09 23:00:00;5942.447
2024-07-10 00:00:00;5628.171
2024-07-10 01:00:00;5354.706
2024-07-10 02:00:00;5224.646
2024-07-10 03:00:00;5163.501
2024-07-10 04:00:00;5285.704
2024-07-10 05:00:00;5749.347
2024-07-10 06:00:00;6567.8
2024-07-10 07:00:00;7168.846
2024-07-10 08:00:00;7458.713
2024-07-10 09:00:00;7427.46
2024-07-10 10:00:00;7338.964
2024-07-10 11:00:00;7339.422
2024-07-10 12:00:00;7302.477
2024-07-10 13:00:00;7651.247
2024-07-10 14:00:00;7553.825
2024-07-10 15:00:00;7229.665
2024-07-10 16:00:00;7241.692
2024-07-10 17:00:00;7502.07
2024-07-10 18:00:00;7645.604
2024-07-10 19:00:00;7488.505
2024-07-10 20:00:00;7170.356
2024-07-10 21:00:00;6840.769
2024-07-10 22:00:00;6465.244
2024-07-10 23:00:00;5944.561
2024-07-11 00:00:00;5681.351
2024-07-11 01:00:00;5391.105
2024-07-11 02:00:00;5250.949
2024-07-11 03:00:00;5157.52
2024-07-11 04:00:00;5250.067
2024-07-11 05:00:00;5722.626
2024-07-11 06:00:00;6618.08
2024-07-11 07:00:00;7238.326
2024-07-11 08:00:00;7627.905
2024-07-11 09:00:00;7655.092
2024-07-11 10:00:00;7534.193
2024-07-11 11:00:00;7376.64
2024-07-11 12:00:00;7126.466
2024-07-11 13:00:00;7065.052
2024-07-11 14:00:00;6982.303
2024-07-11 15:00:00;7084.718
2024-07-11 16:00:00;7279.619
2024-07-11 17:00:00;7409.028
2024-07-11 18:00:00;7298.339
2024-07-11 19:00:00;7212.487
2024-07-11 20:00:00;7048.545
2024-07-11 21:00:00;6809.936
2024-07-11 22:00:00;6490.382
2024-07-11 23:00:00;5980.188
2024-07-12 00:00:00;5740.602
2024-07-12 01:00:00;5450.134
2024-07-12 02:00:00;5331.267
2024-07-12 03:00:00;5198.23
2024-07-12 04:00:00;5262.399
2024-07-12 05:00:00;5733.595
2024-07-12 06:00:00;6595.913
2024-07-12 07:00:00;7240.232
2024-07-12 08:00:00;7526.702
2024-07-12 09:00:00;7384.698
2024-07-12 10:00:00;7214.05
2024-07-12 11:00:00;7216.889
2024-07-12 12:00:00;7118.36
2024-07-12 13:00:00;7118.017
2024-07-12 14:00:00;7333.203
2024-07-12 15:00:00;7558.33
2024-07-12 16:00:00;7688.897
2024-07-12 17:00:00;7450.643
2024-07-12 18:00:00;7111.056
2024-07-12 19:00:00;6732.013
2024-07-12 20:00:00;6468.513
2024-07-12 21:00:00;6229.776
2024-07-12 22:00:00;5980.117
2024-07-12 23:00:00;5545.495
2024-07-13 00:00:00;5300.337
2024-07-13 01:00:00;4994.319
2024-07-13 02:00:00;4855.939
2024-07-13 03:00:00;4693.736
2024-07-13 04:00:00;4702.579
2024-07-13 05:00:00;4762.513
2024-07-13 06:00:00;4975.043
2024-07-13 07:00:00;5169.586
2024-07-13 08:00:00;5398.556
2024-07-13 09:00:00;5469.998
2024-07-13 10:00:00;5506.451
2024-07-13 11:00:00;5599.26
2024-07-13 12:00:00;5581.325
2024-07-13 13:00:00;5741.954
2024-07-13 14:00:00;5828.659
2024-07-13 15:00:00;6190.481
2024-07-13 16:00:00;6250.928
2024-07-13 17:00:00;6239.946
2024-07-13 18:00:00;5989.126
2024-07-13 19:00:00;5850.145
2024-07-13 20:00:00;5777.464
2024-07-13 21:00:00;5623.808
2024-07-13 22:00:00;5482.6
2024-07-13 23:00:00;5106.298
2024-07-14 00:00:00;4880.075
2024-07-14 01:00:00;4606.708
2024-07-14 02:00:00;4507.152
2024-07-14 03:00:00;4316.508
2024-07-14 04:00:00;4294.829
2024-07-14 05:00:00;4396.058
2024-07-14 06:00:00;4509.296
2024-07-14 07:00:00;4668.081
2024-07-14 08:00:00;4951.755
2024-07-14 09:00:00;5210.913
2024-07-14 10:00:00;5328.45
2024-07-14 11:00:00;5244.904
2024-07-14 12:00:00;4986.213
2024-07-14 13:00:00;4839.83
2024-07-14 14:00:00;4759.817
2024-07-14 15:00:00;4802.263
2024-07-14 16:00:00;4980.083
2024-07-14 17:00:00;5340.747
2024-07-14 18:00:00;5642.976
2024-07-14 19:00:00;5856.522
2024-07-14 20:00:00;5940.423
2024-07-14 21:00:00;5832.129
2024-07-14 22:00:00;5769.372
2024-07-14 23:00:00;5399.281
2024-07-15 00:00:00;5165.072
2024-07-15 01:00:00;4925.562
2024-07-15 02:00:00;4837.404
2024-07-15 03:00:00;4757.256
2024-07-15 04:00:00;4922.676
2024-07-15 05:00:00;5455.674
2024-07-15 06:00:00;6345.623
2024-07-15 07:00:00;7037.818
2024-07-15 08:00:00;7332.093
2024-07-15 09:00:00;7265.388
2024-07-15 10:00:00;7200.092
2024-07-15 11:00:00;7144.087
2024-07-15 12:00:00;6992.028
2024-07-15 13:00:00;6882.516
2024-07-15 14:00:00;6784.781
2024-07-15 15:00:00;6818.923
2024-07-15 16:00:00;6821.126
2024-07-15 17:00:00;6969.759
2024-07-15 18:00:00;7138.18
2024-07-15 19:00:00;7243.082
2024-07-15 20:00:00;7110.201
2024-07-15 21:00:00;6937.47
2024-07-15 22:00:00;6573.764
2024-07-15 23:00:00;6044.515
2024-07-16 00:00:00;5707.509
2024-07-16 01:00:00;5399.709
2024-07-16 02:00:00;5246.856
2024-07-16 03:00:00;5123.277
2024-07-16 04:00:00;5193.436
2024-07-16 05:00:00;5681.464
2024-07-16 06:00:00;6557.294
2024-07-16 07:00:00;7175.018
2024-07-16 08:00:00;7444.525
2024-07-16 09:00:00;7458.844
2024-07-16 10:00:00;7454.239
2024-07-16 11:00:00;7501.101
2024-07-16 12:00:00;7207.582
2024-07-16 13:00:00;7090.63
2024-07-16 14:00:00;7001.381
2024-07-16 15:00:00;6956.143
2024-07-16 16:00:00;7018.319
2024-07-16 17:00:00;7308.204
2024-07-16 18:00:00;7439.585
2024-07-16 19:00:00;7385.416
2024-07-16 20:00:00;7148.535
2024-07-16 21:00:00;6838.308
2024-07-16 22:00:00;6451.786
2024-07-16 23:00:00;5951.76
2024-07-17 00:00:00;5655.789
2024-07-17 01:00:00;5360.071
2024-07-17 02:00:00;5242.375
2024-07-17 03:00:00;5118.782
2024-07-17 04:00:00;5231.057
2024-07-17 05:00:00;5747.262
2024-07-17 06:00:00;6630.698
2024-07-17 07:00:00;7233.388
2024-07-17 08:00:00;7627.772
2024-07-17 09:00:00;7699.612
2024-07-17 10:00:00;7581.836
2024-07-17 11:00:00;7525.002
2024-07-17 12:00:00;7311.346
2024-07-17 13:00:00;7282.126
2024-07-17 14:00:00;7199.49
2024-07-17 15:00:00;7203.75
2024-07-17 16:00:00;7193.25
2024-07-17 17:00:00;7252.253
2024-07-17 18:00:00;7277.895
2024-07-17 19:00:00;7159.696
2024-07-17 20:00:00;6901.207
2024-07-17 21:00:00;6584.293
2024-07-17 22:00:00;6260.906
2024-07-17 23:00:00;5797.301
2024-07-18 00:00:00;5542.19
2024-07-18 01:00:00;5236.725
2024-07-18 02:00:00;5120.282
2024-07-18 03:00:00;5025.204
2024-07-18 04:00:00;5175.289
2024-07-18 05:00:00;5655.13
2024-07-18 06:00:00;6583.276
2024-07-18 07:00:00;7125.844
2024-07-18 08:00:00;7333.215
2024-07-18 09:00:00;7242.094
2024-07-18 10:00:00;7141.515
2024-07-18 11:00:00;7034.527
2024-07-18 12:00:00;6836.207
2024-07-18 13:00:00;6716.878
2024-07-18 14:00:00;6617.756
2024-07-18 15:00:00;6625.643
2024-07-18 16:00:00;6700.66
2024-07-18 17:00:00;6903.328
2024-07-18 18:00:00;7000.981
2024-07-18 19:00:00;7068.004
2024-07-18 20:00:00;6934.829
2024-07-18 21:00:00;6675.441
2024-07-18 22:00:00;6406.298
2024-07-18 23:00:00;5953.327
2024-07-19 00:00:00;5733.348
2024-07-19 01:00:00;5364.706
2024-07-19 02:00:00;5213.799
2024-07-19 03:00:00;5091.237
2024-07-19 04:00:00;5173.544
2024-07-19 05:00:00;5655.92
2024-07-19 06:00:00;6417.73
2024-07-19 07:00:00;6893.606
2024-07-19 08:00:00;7166.368
2024-07-19 09:00:00;7117.558
2024-07-19 10:00:00;6929.852
2024-07-19 11:00:00;6780.559
2024-07-19 12:00:00;6546.105
2024-07-19 13:00:00;6367.114
2024-07-19 14:00:00;6325.31
2024-07-19 15:00:00;6491.308
2024-07-19 16:00:00;6807.643
2024-07-19 17:00:00;7108.604
2024-07-19 18:00:00;7138.801
2024-07-19 19:00:00;6971.526
2024-07-19 20:00:00;6656.334
2024-07-19 21:00:00;6356.988
2024-07-19 22:00:00;6078.836
2024-07-19 23:00:00;5622.186
2024-07-20 00:00:00;5397.236
2024-07-20 01:00:00;5077.355
2024-07-20 02:00:00;4946.977
2024-07-20 03:00:00;4805.062
2024-07-20 04:00:00;4767.091
2024-07-20 05:00:00;4926.134
2024-07-20 06:00:00;5210.973
2024-07-20 07:00:00;5553.222
2024-07-20 08:00:00;6006.666
2024-07-20 09:00:00;6328.371
2024-07-20 10:00:00;6558.953
2024-07-20 11:00:00;6569.001
2024-07-20 12:00:00;6431.531
2024-07-20 13:00:00;6232.515
2024-07-20 14:00:00;5882.578
2024-07-20 15:00:00;5774.517
2024-07-20 16:00:00;5701.787
2024-07-20 17:00:00;5667.746
2024-07-20 18:00:00;5559.111
2024-07-20 19:00:00;5618.884
2024-07-20 20:00:00;5698.932
2024-07-20 21:00:00;5662.544
2024-07-20 22:00:00;5473.069
2024-07-20 23:00:00;5075.531
2024-07-21 00:00:00;4848.524
2024-07-21 01:00:00;4588.273
2024-07-21 02:00:00;4494.902
2024-07-21 03:00:00;4354.464
2024-07-21 04:00:00;4312.721
2024-07-21 05:00:00;4354.504
2024-07-21 06:00:00;4449.004
2024-07-21 07:00:00;4661.196
2024-07-21 08:00:00;4930.884
2024-07-21 09:00:00;5106.984
2024-07-21 10:00:00;5141.048
2024-07-21 11:00:00;5124.08
2024-07-21 12:00:00;4953.036
2024-07-21 13:00:00;4821.867
2024-07-21 14:00:00;4686.276
2024-07-21 15:00:00;4719.838
2024-07-21 16:00:00;4907.113
2024-07-21 17:00:00;5128.869
2024-07-21 18:00:00;5517.794
2024-07-21 19:00:00;5892.385
2024-07-21 20:00:00;5942.541
2024-07-21 21:00:00;5855.441
2024-07-21 22:00:00;5736.367
2024-07-21 23:00:00;5273.104
2024-07-22 00:00:00;5050.843
2024-07-22 01:00:00;4800.427
2024-07-22 02:00:00;4715.699
2024-07-22 03:00:00;4632.556
2024-07-22 04:00:00;4770.421
2024-07-22 05:00:00;5325.187
2024-07-22 06:00:00;6258.577
2024-07-22 07:00:00;6996.555
2024-07-22 08:00:00;7446.007
2024-07-22 09:00:00;7658.688
2024-07-22 10:00:00;7874.44
2024-07-22 11:00:00;7953.159
2024-07-22 12:00:00;7556.801
2024-07-22 13:00:00;7193.923
2024-07-22 14:00:00;6888.421
2024-07-22 15:00:00;6821.348
2024-07-22 16:00:00;6961.662
2024-07-22 17:00:00;6946.091
2024-07-22 18:00:00;7055.825
2024-07-22 19:00:00;6952.43
2024-07-22 20:00:00;6760.217
2024-07-22 21:00:00;6484.884
2024-07-22 22:00:00;6134.193
2024-07-22 23:00:00;5667.306
2024-07-23 00:00:00;5398.247
2024-07-23 01:00:00;5102.873
2024-07-23 02:00:00;5006.454
2024-07-23 03:00:00;4867.826
2024-07-23 04:00:00;4974.089
2024-07-23 05:00:00;5504.606
2024-07-23 06:00:00;6487.688
2024-07-23 07:00:00;7055.242
2024-07-23 08:00:00;7295.845
2024-07-23 09:00:00;7191.43
2024-07-23 10:00:00;7136.952
2024-07-23 11:00:00;7230.72
2024-07-23 12:00:00;7152.979
2024-07-23 13:00:00;7053.518
2024-07-23 14:00:00;6928.099
2024-07-23 15:00:00;6845.876
2024-07-23 16:00:00;6796.025
2024-07-23 17:00:00;6849.759
2024-07-23 18:00:00;6876.249
2024-07-23 19:00:00;6871.224
2024-07-23 20:00:00;6737.484
2024-07-23 21:00:00;6587.451
2024-07-23 22:00:00;6264.797
2024-07-23 23:00:00;5714.167
2024-07-24 00:00:00;5431.184
2024-07-24 01:00:00;5123.015
2024-07-24 02:00:00;5005.749
2024-07-24 03:00:00;4933.686
2024-07-24 04:00:00;5016.686
2024-07-24 05:00:00;5530.233
2024-07-24 06:00:00;6410.121
2024-07-24 07:00:00;6986.524
2024-07-24 08:00:00;7262.241
2024-07-24 09:00:00;7288.997
2024-07-24 10:00:00;7308.867
2024-07-24 11:00:00;7319.987
2024-07-24 12:00:00;7094.795
2024-07-24 13:00:00;6703.022
2024-07-24 14:00:00;6576.2
2024-07-24 15:00:00;6410.293
2024-07-24 16:00:00;6367.569
2024-07-24 17:00:00;6511.718
2024-07-24 18:00:00;6688.358
2024-07-24 19:00:00;6859.373
2024-07-24 20:00:00;6737.605
2024-07-24 21:00:00;6509.83
2024-07-24 22:00:00;6173.719
2024-07-24 23:00:00;5644.022
2024-07-25 00:00:00;5344.306
2024-07-25 01:00:00;5028.373
2024-07-25 02:00:00;4917.31
2024-07-25 03:00:00;4809.798
2024-07-25 04:00:00;4906.01
2024-07-25 05:00:00;5403.728
2024-07-25 06:00:00;6181.101
2024-07-25 07:00:00;6677.531
2024-07-25 08:00:00;6904.845
2024-07-25 09:00:00;6875.054
2024-07-25 10:00:00;6965.303
2024-07-25 11:00:00;7037.539
2024-07-25 12:00:00;6759.422
2024-07-25 13:00:00;6624.586
2024-07-25 14:00:00;6382.399
2024-07-25 15:00:00;6245.707
2024-07-25 16:00:00;6169.607
2024-07-25 17:00:00;6278.645
2024-07-25 18:00:00;6622.424
2024-07-25 19:00:00;6780.498
2024-07-25 20:00:00;6634.922
2024-07-25 21:00:00;6358.963
2024-07-25 22:00:00;6043.21
2024-07-25 23:00:00;5533.18
2024-07-26 00:00:00;5265.308
2024-07-26 01:00:00;4980.282
2024-07-26 02:00:00;4852.998
2024-07-26 03:00:00;4759.334
2024-07-26 04:00:00;4835.849
2024-07-26 05:00:00;5293.702
2024-07-26 06:00:00;6028.147
2024-07-26 07:00:00;6476.005
2024-07-26 08:00:00;6663.33
2024-07-26 09:00:00;6592.394
2024-07-26 10:00:00;6421.564
2024-07-26 11:00:00;6339.799
2024-07-26 12:00:00;6132.113
2024-07-26 13:00:00;6037.255
2024-07-26 14:00:00;6073.083
2024-07-26 15:00:00;6066.785
2024-07-26 16:00:00;6086.198
2024-07-26 17:00:00;6260.452
2024-07-26 18:00:00;6345.574
2024-07-26 19:00:00;6483.808
2024-07-26 20:00:00;6402.431
2024-07-26 21:00:00;6154.33
2024-07-26 22:00:00;5877.188
2024-07-26 23:00:00;5382.745
2024-07-27 00:00:00;5149.636
2024-07-27 01:00:00;4831.757
2024-07-27 02:00:00;4674.776
2024-07-27 03:00:00;4509.89
2024-07-27 04:00:00;4511.772
2024-07-27 05:00:00;4625.785
2024-07-27 06:00:00;4870.369
2024-07-27 07:00:00;5101.145
2024-07-27 08:00:00;5405.282
2024-07-27 09:00:00;5640.174
2024-07-27 10:00:00;5695.144
2024-07-27 11:00:00;5740.628
2024-07-27 12:00:00;5487.38
2024-07-27 13:00:00;5313.821
2024-07-27 14:00:00;5239.974
2024-07-27 15:00:00;5289.617
2024-07-27 16:00:00;5342.021
2024-07-27 17:00:00;5570.254
2024-07-27 18:00:00;5779.481
2024-07-27 19:00:00;5891.535
2024-07-27 20:00:00;5864.349
2024-07-27 21:00:00;5704.185
2024-07-27 22:00:00;5527.58
2024-07-27 23:00:00;5137.117
2024-07-28 00:00:00;4848.629
2024-07-28 01:00:00;4555.094
2024-07-28 02:00:00;4457.545
2024-07-28 03:00:00;4324.01
2024-07-28 04:00:00;4295.366
2024-07-28 05:00:00;4344.383
2024-07-28 06:00:00;4499.958
2024-07-28 07:00:00;4753.201
2024-07-28 08:00:00;5109.992
2024-07-28 09:00:00;5441.262
2024-07-28 10:00:00;5841.688
2024-07-28 11:00:00;6091.579
2024-07-28 12:00:00;6034.53
2024-07-28 13:00:00;5918.156
2024-07-28 14:00:00;5621.992
2024-07-28 15:00:00;5236.628
2024-07-28 16:00:00;5012.303
2024-07-28 17:00:00;5125.308
2024-07-28 18:00:00;5274.018
2024-07-28 19:00:00;5370.329
2024-07-28 20:00:00;5519.08
2024-07-28 21:00:00;5526.439
2024-07-28 22:00:00;5358.54
2024-07-28 23:00:00;4933.487
2024-07-29 00:00:00;4756.459
2024-07-29 01:00:00;4497.442
2024-07-29 02:00:00;4449.031
2024-07-29 03:00:00;4383.067
2024-07-29 04:00:00;4488.473
2024-07-29 05:00:00;5007.416
2024-07-29 06:00:00;5876.992
2024-07-29 07:00:00;6408.037
2024-07-29 08:00:00;6663.301
2024-07-29 09:00:00;6694.017
2024-07-29 10:00:00;6727.92
2024-07-29 11:00:00;6672.035
2024-07-29 12:00:00;6506.242
2024-07-29 13:00:00;6366.658
2024-07-29 14:00:00;6142.357
2024-07-29 15:00:00;6021.939
2024-07-29 16:00:00;6088.488
2024-07-29 17:00:00;6129.48
2024-07-29 18:00:00;6401.146
2024-07-29 19:00:00;6579.373
2024-07-29 20:00:00;6554.535
2024-07-29 21:00:00;6309.189
2024-07-29 22:00:00;5918.94
2024-07-29 23:00:00;5398.418
2024-07-30 00:00:00;5119.498
2024-07-30 01:00:00;4853.831
2024-07-30 02:00:00;4750.483
2024-07-30 03:00:00;4624.912
2024-07-30 04:00:00;4733.501
2024-07-30 05:00:00;5206.843
2024-07-30 06:00:00;6037.203
2024-07-30 07:00:00;6503.667
2024-07-30 08:00:00;6651.318
2024-07-30 09:00:00;6562.993
2024-07-30 10:00:00;6548.362
2024-07-30 11:00:00;6491.949
2024-07-30 12:00:00;6226.537
2024-07-30 13:00:00;6122.818
2024-07-30 14:00:00;6027.287
2024-07-30 15:00:00;6060.82
2024-07-30 16:00:00;6133.059
2024-07-30 17:00:00;6317.472
2024-07-30 18:00:00;6501.104
2024-07-30 19:00:00;6659.203
2024-07-30 20:00:00;6609.245
2024-07-30 21:00:00;6366.681
2024-07-30 22:00:00;5997.445
2024-07-30 23:00:00;5485.957
2024-07-31 00:00:00;5253.461
2024-07-31 01:00:00;4946.096
2024-07-31 02:00:00;4825.042
2024-07-31 03:00:00;4704.385
2024-07-31 04:00:00;4813.337
2024-07-31 05:00:00;5301.631
2024-07-31 06:00:00;6090.565
2024-07-31 07:00:00;6559.742
2024-07-31 08:00:00;6742.097
2024-07-31 09:00:00;6688.246
2024-07-31 10:00:00;6607.594
2024-07-31 11:00:00;6576.837
2024-07-31 12:00:00;6353.1
2024-07-31 13:00:00;6262.282
2024-07-31 14:00:00;6165.13
2024-07-31 15:00:00;6227.699
2024-07-31 16:00:00;6369.355
2024-07-31 17:00:00;6691.38
2024-07-31 18:00:00;6950.808
2024-07-31 19:00:00;6984.72
2024-07-31 20:00:00;6859.622
2024-07-31 21:00:00;6516.072
2024-07-31 22:00:00;6144.527
2024-07-31 23:00:00;5677.434
2024-08-01 00:00:00;5387.614
2024-08-01 01:00:00;5032.673
2024-08-01 02:00:00;4919.661
2024-08-01 03:00:00;4831.072
2024-08-01 04:00:00;4967.51
2024-08-01 05:00:00;5473.485
2024-08-01 06:00:00;6310.564
2024-08-01 07:00:00;6972.431
2024-08-01 08:00:00;7344.042
2024-08-01 09:00:00;7438.379
2024-08-01 10:00:00;7450.488
2024-08-01 11:00:00;7285.864
2024-08-01 12:00:00;6712.185
2024-08-01 13:00:00;6402.891
2024-08-01 14:00:00;6375.745
2024-08-01 15:00:00;6406.792
2024-08-01 16:00:00;6582.297
2024-08-01 17:00:00;6969.302
2024-08-01 18:00:00;7222.493
2024-08-01 19:00:00;7030.505
2024-08-01 20:00:00;6785.842
2024-08-01 21:00:00;6388.114
2024-08-01 22:00:00;6082.222
2024-08-01 23:00:00;5603.664
2024-08-02 00:00:00;5346.761
2024-08-02 01:00:00;5014.427
2024-08-02 02:00:00;4858.953
2024-08-02 03:00:00;4777.112
2024-08-02 04:00:00;4846.619
2024-08-02 05:00:00;5348.724
2024-08-02 06:00:00;6183.564
2024-08-02 07:00:00;6789.058
2024-08-02 08:00:00;7258.855
2024-08-02 09:00:00;7420.428
2024-08-02 10:00:00;7238.132
2024-08-02 11:00:00;7023.271
2024-08-02 12:00:00;6600.434
2024-08-02 13:00:00;6478.75
2024-08-02 14:00:00;6492.983
2024-08-02 15:00:00;6484.131
2024-08-02 16:00:00;6499.635
2024-08-02 17:00:00;6641.43
2024-08-02 18:00:00;6623.647
2024-08-02 19:00:00;6436.371
2024-08-02 20:00:00;6288.321
2024-08-02 21:00:00;6010.37
2024-08-02 22:00:00;5642.3
2024-08-02 23:00:00;5200.244
2024-08-03 00:00:00;5018.548
2024-08-03 01:00:00;4679.122
2024-08-03 02:00:00;4533.882
2024-08-03 03:00:00;4383.446
2024-08-03 04:00:00;4388.486
2024-08-03 05:00:00;4574.06
2024-08-03 06:00:00;4820.73
2024-08-03 07:00:00;5051.622
2024-08-03 08:00:00;5394.3
2024-08-03 09:00:00;5762.313
2024-08-03 10:00:00;5855.332
2024-08-03 11:00:00;5846.214
2024-08-03 12:00:00;5611.984
2024-08-03 13:00:00;5464.586
2024-08-03 14:00:00;5202.227
2024-08-03 15:00:00;5161.103
2024-08-03 16:00:00;5315.202
2024-08-03 17:00:00;5574.665
2024-08-03 18:00:00;5664.533
2024-08-03 19:00:00;5635.69
2024-08-03 20:00:00;5702.472
2024-08-03 21:00:00;5514.77
2024-08-03 22:00:00;5327.842
2024-08-03 23:00:00;4940.087
2024-08-04 00:00:00;4688.689
2024-08-04 01:00:00;4382.536
2024-08-04 02:00:00;4307.542
2024-08-04 03:00:00;4171.219
2024-08-04 04:00:00;4146.451
2024-08-04 05:00:00;4184.492
2024-08-04 06:00:00;4322.664
2024-08-04 07:00:00;4625.438
2024-08-04 08:00:00;5054.696
2024-08-04 09:00:00;5535.621
2024-08-04 10:00:00;5745.179
2024-08-04 11:00:00;5675.634
2024-08-04 12:00:00;5365.657
2024-08-04 13:00:00;4927.894
2024-08-04 14:00:00;4583.598
2024-08-04 15:00:00;4521.517
2024-08-04 16:00:00;4642.957
2024-08-04 17:00:00;4922.02
2024-08-04 18:00:00;5169.154
2024-08-04 19:00:00;5444.254
2024-08-04 20:00:00;5555.553
2024-08-04 21:00:00;5440.729
2024-08-04 22:00:00;5312.389
2024-08-04 23:00:00;4881.076
2024-08-05 00:00:00;4699.973
2024-08-05 01:00:00;4444.465
2024-08-05 02:00:00;4378.813
2024-08-05 03:00:00;4297.449
2024-08-05 04:00:00;4434.155
2024-08-05 05:00:00;4966.217
2024-08-05 06:00:00;5825.551
2024-08-05 07:00:00;6525.786
2024-08-05 08:00:00;6943.845
2024-08-05 09:00:00;7033.336
2024-08-05 10:00:00;7158.238
2024-08-05 11:00:00;7299.448
2024-08-05 12:00:00;7078.021
2024-08-05 13:00:00;6935.305
2024-08-05 14:00:00;6682.035
2024-08-05 15:00:00;6464.647
2024-08-05 16:00:00;6368.023
2024-08-05 17:00:00;6374.742
2024-08-05 18:00:00;6374.34
2024-08-05 19:00:00;6381.187
2024-08-05 20:00:00;6292.14
2024-08-05 21:00:00;5978.605
2024-08-05 22:00:00;5663.951
2024-08-05 23:00:00;5231.61
2024-08-06 00:00:00;4995.444
2024-08-06 01:00:00;4698.363
2024-08-06 02:00:00;4589.068
2024-08-06 03:00:00;4499.214
2024-08-06 04:00:00;4629.162
2024-08-06 05:00:00;5094.162
2024-08-06 06:00:00;5924.431
2024-08-06 07:00:00;6413.566
2024-08-06 08:00:00;6667.291
2024-08-06 09:00:00;6688.215
2024-08-06 10:00:00;6547.616
2024-08-06 11:00:00;6400.011
2024-08-06 12:00:00;6164.905
2024-08-06 13:00:00;5999.006
2024-08-06 14:00:00;5834.255
2024-08-06 15:00:00;5801.555
2024-08-06 16:00:00;5870.929
2024-08-06 17:00:00;6078.886
2024-08-06 18:00:00;6358.551
2024-08-06 19:00:00;6457.87
2024-08-06 20:00:00;6400.547
2024-08-06 21:00:00;6113.594
2024-08-06 22:00:00;5791.149
2024-08-06 23:00:00;5341.697
2024-08-07 00:00:00;5068.243
2024-08-07 01:00:00;4793.721
2024-08-07 02:00:00;4690.09
2024-08-07 03:00:00;4566.018
2024-08-07 04:00:00;4695.394
2024-08-07 05:00:00;5179.311
2024-08-07 06:00:00;5925.399
2024-08-07 07:00:00;6447.754
2024-08-07 08:00:00;6729.551
2024-08-07 09:00:00;6815.628
2024-08-07 10:00:00;6882.743
2024-08-07 11:00:00;6711.794
2024-08-07 12:00:00;6366.714
2024-08-07 13:00:00;6164.691
2024-08-07 14:00:00;6110.177
2024-08-07 15:00:00;6371.826
2024-08-07 16:00:00;6752.99
2024-08-07 17:00:00;7055.348
2024-08-07 18:00:00;7164.964
2024-08-07 19:00:00;6902.742
2024-08-07 20:00:00;6697.963
2024-08-07 21:00:00;6321.297
2024-08-07 22:00:00;5993.783
2024-08-07 23:00:00;5511.333
2024-08-08 00:00:00;5278.799
2024-08-08 01:00:00;4939.132
2024-08-08 02:00:00;4804.078
2024-08-08 03:00:00;4728.967
2024-08-08 04:00:00;4805.286
2024-08-08 05:00:00;5335.327
2024-08-08 06:00:00;6152.49
2024-08-08 07:00:00;6661.511
2024-08-08 08:00:00;6928.171
2024-08-08 09:00:00;6832.691
2024-08-08 10:00:00;6687.6
2024-08-08 11:00:00;6699.311
2024-08-08 12:00:00;6688.261
2024-08-08 13:00:00;6765.902
2024-08-08 14:00:00;6821.17
2024-08-08 15:00:00;7084.871
2024-08-08 16:00:00;7119.595
2024-08-08 17:00:00;6971.533
2024-08-08 18:00:00;6901.337
2024-08-08 19:00:00;6737.909
2024-08-08 20:00:00;6593.202
2024-08-08 21:00:00;6236.75
2024-08-08 22:00:00;5905.804
2024-08-08 23:00:00;5501.657
2024-08-09 00:00:00;5244.652
2024-08-09 01:00:00;4979.997
2024-08-09 02:00:00;4893.94
2024-08-09 03:00:00;4787.15
2024-08-09 04:00:00;4876.615
2024-08-09 05:00:00;5338.814
2024-08-09 06:00:00;6051.118
2024-08-09 07:00:00;6557.109
2024-08-09 08:00:00;6833.437
2024-08-09 09:00:00;6886.271
2024-08-09 10:00:00;6710.192
2024-08-09 11:00:00;6626.728
2024-08-09 12:00:00;6335.545
2024-08-09 13:00:00;6204.493
2024-08-09 14:00:00;6078.845
2024-08-09 15:00:00;6059.778
2024-08-09 16:00:00;6153.033
2024-08-09 17:00:00;6375.138
2024-08-09 18:00:00;6601.062
2024-08-09 19:00:00;6617.176
2024-08-09 20:00:00;6447.428
2024-08-09 21:00:00;6137.421
2024-08-09 22:00:00;5837.507
2024-08-09 23:00:00;5367.5
2024-08-10 00:00:00;5122.324
2024-08-10 01:00:00;4764.855
2024-08-10 02:00:00;4657.369
2024-08-10 03:00:00;4525.594
2024-08-10 04:00:00;4530.887
2024-08-10 05:00:00;4738.902
2024-08-10 06:00:00;4987.21
2024-08-10 07:00:00;5283.348
2024-08-10 08:00:00;5608.362
2024-08-10 09:00:00;5790.234
2024-08-10 10:00:00;5773.097
2024-08-10 11:00:00;5709.81
2024-08-10 12:00:00;5534.851
2024-08-10 13:00:00;5471.984
2024-08-10 14:00:00;5367.589
2024-08-10 15:00:00;5393.771
2024-08-10 16:00:00;5443.473
2024-08-10 17:00:00;5670.951
2024-08-10 18:00:00;5794.028
2024-08-10 19:00:00;5941.26
2024-08-10 20:00:00;5911.536
2024-08-10 21:00:00;5740.055
2024-08-10 22:00:00;5550.27
2024-08-10 23:00:00;5143.004
2024-08-11 00:00:00;4853.663
2024-08-11 01:00:00;4536.969
2024-08-11 02:00:00;4447.801
2024-08-11 03:00:00;4351.69
2024-08-11 04:00:00;4290.691
2024-08-11 05:00:00;4383.103
2024-08-11 06:00:00;4552.095
2024-08-11 07:00:00;4761.652
2024-08-11 08:00:00;5065.159
2024-08-11 09:00:00;5265.255
2024-08-11 10:00:00;5274.021
2024-08-11 11:00:00;5206.077
2024-08-11 12:00:00;5006.298
2024-08-11 13:00:00;4858.153
2024-08-11 14:00:00;4773.723
2024-08-11 15:00:00;4764.253
2024-08-11 16:00:00;4939.132
2024-08-11 17:00:00;5321.915
2024-08-11 18:00:00;5669.64
2024-08-11 19:00:00;5992.155
2024-08-11 20:00:00;6076.537
2024-08-11 21:00:00;5838.459
2024-08-11 22:00:00;5720.135
2024-08-11 23:00:00;5264.868
2024-08-12 00:00:00;5033.434
2024-08-12 01:00:00;4777.272
2024-08-12 02:00:00;4693.268
2024-08-12 03:00:00;4595.934
2024-08-12 04:00:00;4686.473
2024-08-12 05:00:00;5225.857
2024-08-12 06:00:00;6153.432
2024-08-12 07:00:00;6704.913
2024-08-12 08:00:00;6936.695
2024-08-12 09:00:00;6980.782
2024-08-12 10:00:00;6987.025
2024-08-12 11:00:00;6913.835
2024-08-12 12:00:00;6714.258
2024-08-12 13:00:00;6623.678
2024-08-12 14:00:00;6532.829
2024-08-12 15:00:00;6692.984
2024-08-12 16:00:00;6912.519
2024-08-12 17:00:00;7366.311
2024-08-12 18:00:00;7588.316
2024-08-12 19:00:00;7407.673
2024-08-12 20:00:00;7090.727
2024-08-12 21:00:00;6674.826
2024-08-12 22:00:00;6279.968
2024-08-12 23:00:00;5800.821
2024-08-13 00:00:00;5535.496
2024-08-13 01:00:00;5268.931
2024-08-13 02:00:00;5123.468
2024-08-13 03:00:00;5021.049
2024-08-13 04:00:00;5116.716
2024-08-13 05:00:00;5594.596
2024-08-13 06:00:00;6483.626
2024-08-13 07:00:00;6931.628
2024-08-13 08:00:00;7232.86
2024-08-13 09:00:00;7140.417
2024-08-13 10:00:00;6993.662
2024-08-13 11:00:00;6929.742
2024-08-13 12:00:00;6770.424
2024-08-13 13:00:00;6799.917
2024-08-13 14:00:00;6778.705
2024-08-13 15:00:00;6916.928
2024-08-13 16:00:00;7161.154
2024-08-13 17:00:00;7385.394
2024-08-13 18:00:00;7486.656
2024-08-13 19:00:00;7389.851
2024-08-13 20:00:00;7163.885
2024-08-13 21:00:00;6691.691
2024-08-13 22:00:00;6295.88
2024-08-13 23:00:00;5745.678
2024-08-14 00:00:00;5458.533
2024-08-14 01:00:00;5133.803
2024-08-14 02:00:00;5027.091
2024-08-14 03:00:00;4916.059
2024-08-14 04:00:00;5037.756
2024-08-14 05:00:00;5496.931
2024-08-14 06:00:00;6373.381
2024-08-14 07:00:00;6912.305
2024-08-14 08:00:00;7123.492
2024-08-14 09:00:00;6966.157
2024-08-14 10:00:00;6943.991
2024-08-14 11:00:00;6867.326
2024-08-14 12:00:00;6705.943
2024-08-14 13:00:00;6684.217
2024-08-14 14:00:00;6825.999
2024-08-14 15:00:00;7099.589
2024-08-14 16:00:00;7340.406
2024-08-14 17:00:00;7251.784
2024-08-14 18:00:00;7182.397
2024-08-14 19:00:00;7126.322
2024-08-14 20:00:00;6926.154
2024-08-14 21:00:00;6430.465
2024-08-14 22:00:00;6075.717
2024-08-14 23:00:00;5620.487
2024-08-15 00:00:00;5275.577
2024-08-15 01:00:00;4997.612
2024-08-15 02:00:00;4885.89
2024-08-15 03:00:00;4727.477
2024-08-15 04:00:00;4693.01
2024-08-15 05:00:00;4784.026
2024-08-15 06:00:00;4958.533
2024-08-15 07:00:00;5244.826
2024-08-15 08:00:00;5495.399
2024-08-15 09:00:00;5621.851
2024-08-15 10:00:00;5618.981
2024-08-15 11:00:00;5534.15
2024-08-15 12:00:00;5358.132
2024-08-15 13:00:00;5194.524
2024-08-15 14:00:00;5115.96
2024-08-15 15:00:00;5205.312
2024-08-15 16:00:00;5370.609
2024-08-15 17:00:00;5651.148
2024-08-15 18:00:00;5958.676
2024-08-15 19:00:00;6085.309
2024-08-15 20:00:00;6081.87
2024-08-15 21:00:00;5894.074
2024-08-15 22:00:00;5646.305
2024-08-15 23:00:00;5245.366
2024-08-16 00:00:00;5038.531
2024-08-16 01:00:00;4797.464
2024-08-16 02:00:00;4682.787
2024-08-16 03:00:00;4576.091
2024-08-16 04:00:00;4689.786
2024-08-16 05:00:00;5102.292
2024-08-16 06:00:00;5767.502
2024-08-16 07:00:00;6267.835
2024-08-16 08:00:00;6482.05
2024-08-16 09:00:00;6505.555
2024-08-16 10:00:00;6484.461
2024-08-16 11:00:00;6395.469
2024-08-16 12:00:00;6143.4
2024-08-16 13:00:00;6109.144
2024-08-16 14:00:00;6156.961
2024-08-16 15:00:00;6213.846
2024-08-16 16:00:00;6469.719
2024-08-16 17:00:00;6875.928
2024-08-16 18:00:00;6910.432
2024-08-16 19:00:00;6802.647
2024-08-16 20:00:00;6516.022
2024-08-16 21:00:00;6147.982
2024-08-16 22:00:00;5768.277
2024-08-16 23:00:00;5327.909
2024-08-17 00:00:00;5125.31
2024-08-17 01:00:00;4822.417
2024-08-17 02:00:00;4706.599
2024-08-17 03:00:00;4602.135
2024-08-17 04:00:00;4612.485
2024-08-17 05:00:00;4843.873
2024-08-17 06:00:00;5135.97
2024-08-17 07:00:00;5427.42
2024-08-17 08:00:00;5779.461
2024-08-17 09:00:00;6080.013
2024-08-17 10:00:00;6116.172
2024-08-17 11:00:00;6027.387
2024-08-17 12:00:00;5720.89
2024-08-17 13:00:00;5496.876
2024-08-17 14:00:00;5513.587
2024-08-17 15:00:00;5783.815
2024-08-17 16:00:00;6009.499
2024-08-17 17:00:00;6157.613
2024-08-17 18:00:00;6108.273
2024-08-17 19:00:00;6029.886
2024-08-17 20:00:00;5971.669
2024-08-17 21:00:00;5677.351
2024-08-17 22:00:00;5468.887
2024-08-17 23:00:00;5090.387
2024-08-18 00:00:00;4883.944
2024-08-18 01:00:00;4605.628
2024-08-18 02:00:00;4536.98
2024-08-18 03:00:00;4386.476
2024-08-18 04:00:00;4362.825
2024-08-18 05:00:00;4477.014
2024-08-18 06:00:00;4643.047
2024-08-18 07:00:00;4843.307
2024-08-18 08:00:00;5139.49
2024-08-18 09:00:00;5379.233
2024-08-18 10:00:00;5439.952
2024-08-18 11:00:00;5479.992
2024-08-18 12:00:00;5249.787
2024-08-18 13:00:00;5055.94
2024-08-18 14:00:00;5054.549
2024-08-18 15:00:00;5355.573
2024-08-18 16:00:00;5722.25
2024-08-18 17:00:00;6055.049
2024-08-18 18:00:00;6089.229
2024-08-18 19:00:00;5991.95
2024-08-18 20:00:00;5931.933
2024-08-18 21:00:00;5603.315
2024-08-18 22:00:00;5453.762
2024-08-18 23:00:00;5100.344
2024-08-19 00:00:00;4950.071
2024-08-19 01:00:00;4712.561
2024-08-19 02:00:00;4610.051
2024-08-19 03:00:00;4561.022
2024-08-19 04:00:00;4722.289
2024-08-19 05:00:00;5324.694
2024-08-19 06:00:00;6361.848
2024-08-19 07:00:00;7180.175
2024-08-19 08:00:00;7678.191
2024-08-19 09:00:00;7859.212
2024-08-19 10:00:00;7939.103
2024-08-19 11:00:00;8004.65
2024-08-19 12:00:00;7841.305
2024-08-19 13:00:00;7742.452
2024-08-19 14:00:00;7533.659
2024-08-19 15:00:00;7235.092
2024-08-19 16:00:00;7090.942
2024-08-19 17:00:00;7125.558
2024-08-19 18:00:00;7211.53
2024-08-19 19:00:00;7120.253
2024-08-19 20:00:00;6877.976
2024-08-19 21:00:00;6366.797
2024-08-19 22:00:00;6050.59
2024-08-19 23:00:00;5598.826
2024-08-20 00:00:00;5362.799
2024-08-20 01:00:00;5101.897
2024-08-20 02:00:00;5029.167
2024-08-20 03:00:00;4976.607
2024-08-20 04:00:00;5064.06
2024-08-20 05:00:00;5595.748
2024-08-20 06:00:00;6537.429
2024-08-20 07:00:00;7226.809
2024-08-20 08:00:00;7683.219
2024-08-20 09:00:00;7721.691
2024-08-20 10:00:00;7592.132
2024-08-20 11:00:00;7325.129
2024-08-20 12:00:00;6937.899
2024-08-20 13:00:00;6850.078
2024-08-20 14:00:00;6624.322
2024-08-20 15:00:00;6601.915
2024-08-20 16:00:00;6769.062
2024-08-20 17:00:00;6988.218
2024-08-20 18:00:00;7213.052
2024-08-20 19:00:00;7193.379
2024-08-20 20:00:00;7036.634
2024-08-20 21:00:00;6604.981
2024-08-20 22:00:00;6204.088
2024-08-20 23:00:00;5706.64
2024-08-21 00:00:00;5502.502
2024-08-21 01:00:00;5250.697
2024-08-21 02:00:00;5081.041
2024-08-21 03:00:00;5030.51
2024-08-21 04:00:00;5166.175
2024-08-21 05:00:00;5690.824
2024-08-21 06:00:00;6567.537
2024-08-21 07:00:00;7210.23
2024-08-21 08:00:00;7730.685
2024-08-21 09:00:00;7978.576
2024-08-21 10:00:00;7936.574
2024-08-21 11:00:00;7919.183
2024-08-21 12:00:00;7696.579
2024-08-21 13:00:00;7475.256
2024-08-21 14:00:00;7144.993
2024-08-21 15:00:00;7039.269
2024-08-21 16:00:00;6919.927
2024-08-21 17:00:00;6991.789
2024-08-21 18:00:00;7199.248
2024-08-21 19:00:00;7170.434
2024-08-21 20:00:00;7065.143
2024-08-21 21:00:00;6589.657
2024-08-21 22:00:00;6191.527
2024-08-21 23:00:00;5704.787
2024-08-22 00:00:00;5489.888
2024-08-22 01:00:00;5172.864
2024-08-22 02:00:00;5043.571
2024-08-22 03:00:00;4952.724
2024-08-22 04:00:00;5064.14
2024-08-22 05:00:00;5602.72
2024-08-22 06:00:00;6596.876
2024-08-22 07:00:00;7165.196
2024-08-22 08:00:00;7469.081
2024-08-22 09:00:00;7460.862
2024-08-22 10:00:00;7411.486
2024-08-22 11:00:00;7233.118
2024-08-22 12:00:00;6784.782
2024-08-22 13:00:00;6621.061
2024-08-22 14:00:00;6557.771
2024-08-22 15:00:00;6669.551
2024-08-22 16:00:00;6789.448
2024-08-22 17:00:00;6902.276
2024-08-22 18:00:00;7091.482
2024-08-22 19:00:00;7096.595
2024-08-22 20:00:00;7013.081
2024-08-22 21:00:00;6568.766
2024-08-22 22:00:00;6213.906
2024-08-22 23:00:00;5721.947
2024-08-23 00:00:00;5498.683
2024-08-23 01:00:00;5270.517
2024-08-23 02:00:00;5178.894
2024-08-23 03:00:00;5124.216
2024-08-23 04:00:00;5184.921
2024-08-23 05:00:00;5651.768
2024-08-23 06:00:00;6452.74
2024-08-23 07:00:00;6995.763
2024-08-23 08:00:00;7175.344
2024-08-23 09:00:00;7129.822
2024-08-23 10:00:00;7047.481
2024-08-23 11:00:00;6885.447
2024-08-23 12:00:00;6589.828
2024-08-23 13:00:00;6395.854
2024-08-23 14:00:00;6284.379
2024-08-23 15:00:00;6346.351
2024-08-23 16:00:00;6506.258
2024-08-23 17:00:00;6806.184
2024-08-23 18:00:00;7056.529
2024-08-23 19:00:00;7069.862
2024-08-23 20:00:00;6867.627
2024-08-23 21:00:00;6405.886
2024-08-23 22:00:00;6012.601
2024-08-23 23:00:00;5501.68
2024-08-24 00:00:00;5272.68
2024-08-24 01:00:00;5028.304
2024-08-24 02:00:00;4889.843
2024-08-24 03:00:00;4764.366
2024-08-24 04:00:00;4768.508
2024-08-24 05:00:00;4900.997
2024-08-24 06:00:00;5272.868
2024-08-24 07:00:00;5481.489
2024-08-24 08:00:00;5809.394
2024-08-24 09:00:00;5991.221
2024-08-24 10:00:00;5927.299
2024-08-24 11:00:00;5819.02
2024-08-24 12:00:00;5575.095
2024-08-24 13:00:00;5456.23
2024-08-24 14:00:00;5388.713
2024-08-24 15:00:00;5496.315
2024-08-24 16:00:00;5649.503
2024-08-24 17:00:00;5949.887
2024-08-24 18:00:00;6082.787
2024-08-24 19:00:00;6169.984
2024-08-24 20:00:00;6157.119
2024-08-24 21:00:00;5824.48
2024-08-24 22:00:00;5603.433
2024-08-24 23:00:00;5249.681
2024-08-25 00:00:00;5061.308
2024-08-25 01:00:00;4761.348
2024-08-25 02:00:00;4628.501
2024-08-25 03:00:00;4461.89
2024-08-25 04:00:00;4439.157
2024-08-25 05:00:00;4595.688
2024-08-25 06:00:00;4758.317
2024-08-25 07:00:00;4941.125
2024-08-25 08:00:00;5185.899
2024-08-25 09:00:00;5370.238
2024-08-25 10:00:00;5491.611
2024-08-25 11:00:00;5671.963
2024-08-25 12:00:00;5651.408
2024-08-25 13:00:00;5514.454
2024-08-25 14:00:00;5523.93
2024-08-25 15:00:00;5629.366
2024-08-25 16:00:00;5801.605
2024-08-25 17:00:00;6040.583
2024-08-25 18:00:00;6198.169
2024-08-25 19:00:00;6166.42
2024-08-25 20:00:00;6018.299
2024-08-25 21:00:00;5737.962
2024-08-25 22:00:00;5658.162
2024-08-25 23:00:00;5254.317
2024-08-26 00:00:00;5043.642
2024-08-26 01:00:00;4840.516
2024-08-26 02:00:00;4793.422
2024-08-26 03:00:00;4735.856
2024-08-26 04:00:00;4883.936
2024-08-26 05:00:00;5423.618
2024-08-26 06:00:00;6406.383
2024-08-26 07:00:00;7123.996
2024-08-26 08:00:00;7425.364
2024-08-26 09:00:00;7463.997
2024-08-26 10:00:00;7511.761
2024-08-26 11:00:00;7401.78
2024-08-26 12:00:00;7154.657
2024-08-26 13:00:00;7100.281
2024-08-26 14:00:00;7040.13
2024-08-26 15:00:00;7208.058
2024-08-26 16:00:00;7345.153
2024-08-26 17:00:00;7580.367
2024-08-26 18:00:00;7672.445
2024-08-26 19:00:00;7474.632
2024-08-26 20:00:00;7139.037
2024-08-26 21:00:00;6570.394
2024-08-26 22:00:00;6211.257
2024-08-26 23:00:00;5763.882
2024-08-27 00:00:00;5506.435
2024-08-27 01:00:00;5260.609
2024-08-27 02:00:00;5186.876
2024-08-27 03:00:00;5078.269
2024-08-27 04:00:00;5138.303
2024-08-27 05:00:00;5745.793
2024-08-27 06:00:00;6813.306
2024-08-27 07:00:00;7464.707
2024-08-27 08:00:00;7878.452
2024-08-27 09:00:00;7969.746
2024-08-27 10:00:00;7789.817
2024-08-27 11:00:00;7488.43
2024-08-27 12:00:00;6950.579
2024-08-27 13:00:00;6714.704
2024-08-27 14:00:00;6487.374
2024-08-27 15:00:00;6623.482
2024-08-27 16:00:00;6715.988
2024-08-27 17:00:00;7012.616
2024-08-27 18:00:00;7321.678
2024-08-27 19:00:00;7355.274
2024-08-27 20:00:00;7129.24
2024-08-27 21:00:00;6617.166
2024-08-27 22:00:00;6216.3
2024-08-27 23:00:00;5732.602
2024-08-28 00:00:00;5556.165
2024-08-28 01:00:00;5296.086
2024-08-28 02:00:00;5203.972
2024-08-28 03:00:00;5071.204
2024-08-28 04:00:00;5215.502
2024-08-28 05:00:00;5705.88
2024-08-28 06:00:00;6729.099
2024-08-28 07:00:00;7310.911
2024-08-28 08:00:00;7538.026
2024-08-28 09:00:00;7450.763
2024-08-28 10:00:00;7290.81
2024-08-28 11:00:00;7151.958
2024-08-28 12:00:00;6867.53
2024-08-28 13:00:00;6806.544
2024-08-28 14:00:00;6763.781
2024-08-28 15:00:00;6998.932
2024-08-28 16:00:00;7161.287
2024-08-28 17:00:00;7486.297
2024-08-28 18:00:00;7640.627
2024-08-28 19:00:00;7616.785
2024-08-28 20:00:00;7392.042
2024-08-28 21:00:00;6838.306
2024-08-28 22:00:00;6439.54
2024-08-28 23:00:00;5978.033
2024-08-29 00:00:00;5724.044
2024-08-29 01:00:00;5386.096
2024-08-29 02:00:00;5287.22
2024-08-29 03:00:00;5150.698
2024-08-29 04:00:00;5295.278
2024-08-29 05:00:00;5886.101
2024-08-29 06:00:00;6871.672
2024-08-29 07:00:00;7402.509
2024-08-29 08:00:00;7647.758
2024-08-29 09:00:00;7557.629
2024-08-29 10:00:00;7407.417
2024-08-29 11:00:00;7243.006
2024-08-29 12:00:00;6989.281
2024-08-29 13:00:00;7003.012
2024-08-29 14:00:00;7252.712
2024-08-29 15:00:00;7459.621
2024-08-29 16:00:00;7514.511
2024-08-29 17:00:00;7598.853
2024-08-29 18:00:00;7653.37
2024-08-29 19:00:00;7662.512
2024-08-29 20:00:00;7433.53
2024-08-29 21:00:00;6929.325
2024-08-29 22:00:00;6493.013
2024-08-29 23:00:00;6026.22
2024-08-30 00:00:00;5703.56
2024-08-30 01:00:00;5438.892
2024-08-30 02:00:00;5270.589
2024-08-30 03:00:00;5173.27
2024-08-30 04:00:00;5289.401
2024-08-30 05:00:00;5842.08
2024-08-30 06:00:00;6784.684
2024-08-30 07:00:00;7353.44
2024-08-30 08:00:00;7556.904
2024-08-30 09:00:00;7469.36
2024-08-30 10:00:00;7343.687
2024-08-30 11:00:00;7110.951
2024-08-30 12:00:00;6822.342
2024-08-30 13:00:00;6682.153
2024-08-30 14:00:00;6667.963
2024-08-30 15:00:00;6704.483
2024-08-30 16:00:00;6991.377
2024-08-30 17:00:00;7296.445
2024-08-30 18:00:00;7428.048
2024-08-30 19:00:00;7354.133
2024-08-30 20:00:00;7085.211
2024-08-30 21:00:00;6480.59
2024-08-30 22:00:00;6157.743
2024-08-30 23:00:00;5731.29
2024-08-31 00:00:00;5516.216
2024-08-31 01:00:00;5241.784
2024-08-31 02:00:00;5081.189
2024-08-31 03:00:00;4949.904
2024-08-31 04:00:00;4921.315
2024-08-31 05:00:00;5100.69
2024-08-31 06:00:00;5456.247
2024-08-31 07:00:00;5767.845
2024-08-31 08:00:00;6029.921
2024-08-31 09:00:00;6153.592
2024-08-31 10:00:00;6159.19
2024-08-31 11:00:00;6060.731
2024-08-31 12:00:00;5824.336
2024-08-31 13:00:00;5696.364
2024-08-31 14:00:00;5650.28
2024-08-31 15:00:00;5826.451
2024-08-31 16:00:00;5998.137
2024-08-31 17:00:00;6279.409
2024-08-31 18:00:00;6373.532
2024-08-31 19:00:00;6434.955
2024-08-31 20:00:00;6254.929
2024-08-31 21:00:00;5853.075
2024-08-31 22:00:00;5671.287
2024-08-31 23:00:00;5309.546
2024-09-01 00:00:00;5081.898
2024-09-01 01:00:00;4807.925
2024-09-01 02:00:00;4738.408
2024-09-01 03:00:00;4640.734
2024-09-01 04:00:00;4573.178
2024-09-01 05:00:00;4676.099
2024-09-01 06:00:00;4910.992
2024-09-01 07:00:00;5107.815
2024-09-01 08:00:00;5346.82
2024-09-01 09:00:00;5474.096
2024-09-01 10:00:00;5470.587
2024-09-01 11:00:00;5421.674
2024-09-01 12:00:00;5237.251
2024-09-01 13:00:00;5137.581
2024-09-01 14:00:00;5156.691
2024-09-01 15:00:00;5329.805
2024-09-01 16:00:00;5575.178
2024-09-01 17:00:00;5912.569
2024-09-01 18:00:00;6191.191
2024-09-01 19:00:00;6330.882
2024-09-01 20:00:00;6264.836
2024-09-01 21:00:00;5875.117
2024-09-01 22:00:00;5765.884
2024-09-01 23:00:00;5412.996
2024-09-02 00:00:00;5217.767
2024-09-02 01:00:00;4981.507
2024-09-02 02:00:00;4928.826
2024-09-02 03:00:00;4819.444
2024-09-02 04:00:00;4956.13
2024-09-02 05:00:00;5641.325
2024-09-02 06:00:00;6746.111
2024-09-02 07:00:00;7372.027
2024-09-02 08:00:00;7612.657
2024-09-02 09:00:00;7441.773
2024-09-02 10:00:00;7370.472
2024-09-02 11:00:00;7170.158
2024-09-02 12:00:00;7045.223
2024-09-02 13:00:00;7046.133
2024-09-02 14:00:00;7197.314
2024-09-02 15:00:00;7338.156
2024-09-02 16:00:00;7395.077
2024-09-02 17:00:00;7672.851
2024-09-02 18:00:00;7770.446
2024-09-02 19:00:00;7717.956
2024-09-02 20:00:00;7373.002
2024-09-02 21:00:00;6787.865
2024-09-02 22:00:00;6359.823
2024-09-02 23:00:00;5879.891
2024-09-03 00:00:00;5622.832
2024-09-03 01:00:00;5316.526
2024-09-03 02:00:00;5219.486
2024-09-03 03:00:00;5090.615
2024-09-03 04:00:00;5184.448
2024-09-03 05:00:00;5774.795
2024-09-03 06:00:00;6899.394
2024-09-03 07:00:00;7466.838
2024-09-03 08:00:00;7583.934
2024-09-03 09:00:00;7394.88
2024-09-03 10:00:00;7326.437
2024-09-03 11:00:00;7216.252
2024-09-03 12:00:00;6997.872
2024-09-03 13:00:00;7000.406
2024-09-03 14:00:00;7004.456
2024-09-03 15:00:00;7160.756
2024-09-03 16:00:00;7337.926
2024-09-03 17:00:00;7641.697
2024-09-03 18:00:00;7785.322
2024-09-03 19:00:00;7716.012
2024-09-03 20:00:00;7410.442
2024-09-03 21:00:00;6787.225
2024-09-03 22:00:00;6356.597
2024-09-03 23:00:00;5925.123
2024-09-04 00:00:00;5678.598
2024-09-04 01:00:00;5406.358
2024-09-04 02:00:00;5294.792
2024-09-04 03:00:00;5190.772
2024-09-04 04:00:00;5283.66
2024-09-04 05:00:00;5886.08
2024-09-04 06:00:00;6977.211
2024-09-04 07:00:00;7515.23
2024-09-04 08:00:00;7684.271
2024-09-04 09:00:00;7492.111
2024-09-04 10:00:00;7363.452
2024-09-04 11:00:00;7287.822
2024-09-04 12:00:00;7071.515
2024-09-04 13:00:00;7109.609
2024-09-04 14:00:00;7148.399
2024-09-04 15:00:00;7255.685
2024-09-04 16:00:00;7434.803
2024-09-04 17:00:00;7784.073
2024-09-04 18:00:00;7874.498
2024-09-04 19:00:00;7796.508
2024-09-04 20:00:00;7408.137
2024-09-04 21:00:00;6829.518
2024-09-04 22:00:00;6424.964
2024-09-04 23:00:00;5946.856
2024-09-05 00:00:00;5704.547
2024-09-05 01:00:00;5403.678
2024-09-05 02:00:00;5270.421
2024-09-05 03:00:00;5179.903
2024-09-05 04:00:00;5360.609
2024-09-05 05:00:00;5915.807
2024-09-05 06:00:00;6963.494
2024-09-05 07:00:00;7558.34
2024-09-05 08:00:00;7893.175
2024-09-05 09:00:00;7892.607
2024-09-05 10:00:00;7723.773
2024-09-05 11:00:00;7629.419
2024-09-05 12:00:00;7392.101
2024-09-05 13:00:00;7302.124
2024-09-05 14:00:00;7216.301
2024-09-05 15:00:00;7421.205
2024-09-05 16:00:00;7611.877
2024-09-05 17:00:00;7911.006
2024-09-05 18:00:00;7910.727
2024-09-05 19:00:00;7753.886
2024-09-05 20:00:00;7352.863
2024-09-05 21:00:00;6733.555
2024-09-05 22:00:00;6324.139
2024-09-05 23:00:00;5896.153
2024-09-06 00:00:00;5620.842
2024-09-06 01:00:00;5372.065
2024-09-06 02:00:00;5275.244
2024-09-06 03:00:00;5132.157
2024-09-06 04:00:00;5295.308
2024-09-06 05:00:00;5797.579
2024-09-06 06:00:00;6836.079
2024-09-06 07:00:00;7594.303
2024-09-06 08:00:00;8029.228
2024-09-06 09:00:00;8208.852
2024-09-06 10:00:00;8232.846
2024-09-06 11:00:00;8070.092
2024-09-06 12:00:00;7534.49
2024-09-06 13:00:00;6893.982
2024-09-06 14:00:00;6440.89
2024-09-06 15:00:00;6358.024
2024-09-06 16:00:00;6580.527
2024-09-06 17:00:00;6955.403
2024-09-06 18:00:00;7152.464
2024-09-06 19:00:00;7153.093
2024-09-06 20:00:00;6843.565
2024-09-06 21:00:00;6245.583
2024-09-06 22:00:00;5940.606
2024-09-06 23:00:00;5479.006
2024-09-07 00:00:00;5271.719
2024-09-07 01:00:00;5024.896
2024-09-07 02:00:00;4871.722
2024-09-07 03:00:00;4754.02
2024-09-07 04:00:00;4746.941
2024-09-07 05:00:00;4972.926
2024-09-07 06:00:00;5395.596
2024-09-07 07:00:00;5665.864
2024-09-07 08:00:00;5962.241
2024-09-07 09:00:00;6016.192
2024-09-07 10:00:00;6068.533
2024-09-07 11:00:00;5878.722
2024-09-07 12:00:00;5635.073
2024-09-07 13:00:00;5521.906
2024-09-07 14:00:00;5504.665
2024-09-07 15:00:00;5612.507
2024-09-07 16:00:00;5789.27
2024-09-07 17:00:00;6069.536
2024-09-07 18:00:00;6269.051
2024-09-07 19:00:00;6256.469
2024-09-07 20:00:00;6131.314
2024-09-07 21:00:00;5776.886
2024-09-07 22:00:00;5577.131
2024-09-07 23:00:00;5158.228
2024-09-08 00:00:00;4917.544
2024-09-08 01:00:00;4643.391
2024-09-08 02:00:00;4566.751
2024-09-08 03:00:00;4418.205
2024-09-08 04:00:00;4371.26
2024-09-08 05:00:00;4524.457
2024-09-08 06:00:00;4778.789
2024-09-08 07:00:00;4971.05
2024-09-08 08:00:00;5184.921
2024-09-08 09:00:00;5339.564
2024-09-08 10:00:00;5320.104
2024-09-08 11:00:00;5319.299
2024-09-08 12:00:00;5203.227
2024-09-08 13:00:00;5160.45
2024-09-08 14:00:00;5260.513
2024-09-08 15:00:00;5670.05
2024-09-08 16:00:00;6042.582
2024-09-08 17:00:00;6253.406
2024-09-08 18:00:00;6342.795
2024-09-08 19:00:00;6373.649
2024-09-08 20:00:00;6168.477
2024-09-08 21:00:00;5745.559
2024-09-08 22:00:00;5598.026
2024-09-08 23:00:00;5316.566
2024-09-09 00:00:00;5197.052
2024-09-09 01:00:00;5025.806
2024-09-09 02:00:00;4955.048
2024-09-09 03:00:00;4885.002
2024-09-09 04:00:00;5054.051
2024-09-09 05:00:00;5688.88
2024-09-09 06:00:00;6929.186
2024-09-09 07:00:00;7742.7
2024-09-09 08:00:00;8133.993
2024-09-09 09:00:00;8263.92
2024-09-09 10:00:00;8528.85
2024-09-09 11:00:00;8774.697
2024-09-09 12:00:00;8498.339
2024-09-09 13:00:00;8277.925
2024-09-09 14:00:00;7886.779
2024-09-09 15:00:00;7701.076
2024-09-09 16:00:00;7633.972
2024-09-09 17:00:00;7555.147
2024-09-09 18:00:00;7511.023
2024-09-09 19:00:00;7436.699
2024-09-09 20:00:00;7046.815
2024-09-09 21:00:00;6500.505
2024-09-09 22:00:00;6150.479
2024-09-09 23:00:00;5627.838
2024-09-10 00:00:00;5454.104
2024-09-10 01:00:00;5165.931
2024-09-10 02:00:00;5096.216
2024-09-10 03:00:00;4985.961
2024-09-10 04:00:00;5132.564
2024-09-10 05:00:00;5769.636
2024-09-10 06:00:00;6918.462
2024-09-10 07:00:00;7552.168
2024-09-10 08:00:00;7702.403
2024-09-10 09:00:00;7672.201
2024-09-10 10:00:00;7678.97
2024-09-10 11:00:00;7569.716
2024-09-10 12:00:00;7195.661
2024-09-10 13:00:00;7091.732
2024-09-10 14:00:00;6956.812
2024-09-10 15:00:00;7012.934
2024-09-10 16:00:00;7072.616
2024-09-10 17:00:00;7267.398
2024-09-10 18:00:00;7439.502
2024-09-10 19:00:00;7483.039
2024-09-10 20:00:00;7082.241
2024-09-10 21:00:00;6488.635
2024-09-10 22:00:00;6071.46
2024-09-10 23:00:00;5587.658
2024-09-11 00:00:00;5465.004
2024-09-11 01:00:00;5183.083
2024-09-11 02:00:00;5107.012
2024-09-11 03:00:00;5013.854
2024-09-11 04:00:00;5140.031
2024-09-11 05:00:00;5768.704
2024-09-11 06:00:00;6922.817
2024-09-11 07:00:00;7506.065
2024-09-11 08:00:00;7602.221
2024-09-11 09:00:00;7379.653
2024-09-11 10:00:00;7159.744
2024-09-11 11:00:00;6953.397
2024-09-11 12:00:00;6504.714
2024-09-11 13:00:00;6432.092
2024-09-11 14:00:00;6532.563
2024-09-11 15:00:00;6699.367
2024-09-11 16:00:00;6988.956
2024-09-11 17:00:00;7519.74
2024-09-11 18:00:00;7576.273
2024-09-11 19:00:00;7560.97
2024-09-11 20:00:00;7142.826
2024-09-11 21:00:00;6531.985
2024-09-11 22:00:00;6207.615
2024-09-11 23:00:00;5722.219
2024-09-12 00:00:00;5494.444
2024-09-12 01:00:00;5204.837
2024-09-12 02:00:00;5102.411
2024-09-12 03:00:00;5030.543
2024-09-12 04:00:00;5190.717
2024-09-12 05:00:00;5791.39
2024-09-12 06:00:00;6875.654
2024-09-12 07:00:00;7589.133
2024-09-12 08:00:00;7990.374
2024-09-12 09:00:00;8197.294
2024-09-12 10:00:00;8340.664
2024-09-12 11:00:00;8450.793
2024-09-12 12:00:00;8296.09
2024-09-12 13:00:00;8216.07
2024-09-12 14:00:00;8144.779
2024-09-12 15:00:00;8003.988
2024-09-12 16:00:00;7931.648
2024-09-12 17:00:00;7915.658
2024-09-12 18:00:00;7797.677
2024-09-12 19:00:00;7642.306
2024-09-12 20:00:00;7189.565
2024-09-12 21:00:00;6577.068
2024-09-12 22:00:00;6188.531
2024-09-12 23:00:00;5739.163
2024-09-13 00:00:00;5525.265
2024-09-13 01:00:00;5258.293
2024-09-13 02:00:00;5188.607
2024-09-13 03:00:00;5134.773
2024-09-13 04:00:00;5257.051
2024-09-13 05:00:00;5869.442
2024-09-13 06:00:00;6971.411
2024-09-13 07:00:00;7767.94
2024-09-13 08:00:00;8295.777
2024-09-13 09:00:00;8447.634
2024-09-13 10:00:00;8605.737
2024-09-13 11:00:00;8636.733
2024-09-13 12:00:00;8340.104
2024-09-13 13:00:00;8058.53
2024-09-13 14:00:00;7795.071
2024-09-13 15:00:00;7729.551
2024-09-13 16:00:00;7666.697
2024-09-13 17:00:00;7735.135
2024-09-13 18:00:00;7646.729
2024-09-13 19:00:00;7489.513
2024-09-13 20:00:00;7002.586
2024-09-13 21:00:00;6467.591
2024-09-13 22:00:00;6136.586
2024-09-13 23:00:00;5702.016
2024-09-14 00:00:00;5438.869
2024-09-14 01:00:00;5149.714
2024-09-14 02:00:00;5014.608
2024-09-14 03:00:00;4906.227
2024-09-14 04:00:00;4906.235
2024-09-14 05:00:00;5168.904
2024-09-14 06:00:00;5516.642
2024-09-14 07:00:00;5969.057
2024-09-14 08:00:00;6456.708
2024-09-14 09:00:00;6851.19
2024-09-14 10:00:00;7187.91
2024-09-14 11:00:00;7401.759
2024-09-14 12:00:00;7311.381
2024-09-14 13:00:00;7167.106
2024-09-14 14:00:00;6994.137
2024-09-14 15:00:00;7017.78
2024-09-14 16:00:00;7007.422
2024-09-14 17:00:00;7003.159
2024-09-14 18:00:00;6849.075
2024-09-14 19:00:00;6691.61
2024-09-14 20:00:00;6348.157
2024-09-14 21:00:00;5877.667
2024-09-14 22:00:00;5698.928
2024-09-14 23:00:00;5322.509
2024-09-15 00:00:00;5089.61
2024-09-15 01:00:00;4809.327
2024-09-15 02:00:00;4756.175
2024-09-15 03:00:00;4640.079
2024-09-15 04:00:00;4617.446
2024-09-15 05:00:00;4781.88
2024-09-15 06:00:00;5009.482
2024-09-15 07:00:00;5348.839
2024-09-15 08:00:00;5748.425
2024-09-15 09:00:00;6090.184
2024-09-15 10:00:00;6430.623
2024-09-15 11:00:00;6687.537
2024-09-15 12:00:00;6481.246
2024-09-15 13:00:00;6186.382
2024-09-15 14:00:00;5959.208
2024-09-15 15:00:00;5871.854
2024-09-15 16:00:00;5830.549
2024-09-15 17:00:00;6014.274
2024-09-15 18:00:00;6278.04
2024-09-15 19:00:00;6419.559
2024-09-15 20:00:00;6171.962
2024-09-15 21:00:00;5759.612
2024-09-15 22:00:00;5639.81
2024-09-15 23:00:00;5311.773
2024-09-16 00:00:00;5158.924
2024-09-16 01:00:00;4918.545
2024-09-16 02:00:00;4843.942
2024-09-16 03:00:00;4761.382
2024-09-16 04:00:00;4920.403
2024-09-16 05:00:00;5578.062
2024-09-16 06:00:00;6821.899
2024-09-16 07:00:00;7636.034
2024-09-16 08:00:00;8037.524
2024-09-16 09:00:00;8047.402
2024-09-16 10:00:00;8260.118
2024-09-16 11:00:00;8518.917
2024-09-16 12:00:00;8512.017
2024-09-16 13:00:00;8486.636
2024-09-16 14:00:00;8422.765
2024-09-16 15:00:00;8367.35
2024-09-16 16:00:00;8226.044
2024-09-16 17:00:00;8124.204
2024-09-16 18:00:00;8072.194
2024-09-16 19:00:00;7924.168
2024-09-16 20:00:00;7346.401
2024-09-16 21:00:00;6769.328
2024-09-16 22:00:00;6400.496
2024-09-16 23:00:00;5867.21
2024-09-17 00:00:00;5629.839
2024-09-17 01:00:00;5337.659
2024-09-17 02:00:00;5225.433
2024-09-17 03:00:00;5125.307
2024-09-17 04:00:00;5254.981
2024-09-17 05:00:00;5901.838
2024-09-17 06:00:00;7096.831
2024-09-17 07:00:00;7794.305
2024-09-17 08:00:00;7851.156
2024-09-17 09:00:00;7697.325
2024-09-17 10:00:00;7649.812
2024-09-17 11:00:00;7388.398
2024-09-17 12:00:00;6977.154
2024-09-17 13:00:00;6714.55
2024-09-17 14:00:00;6512.33
2024-09-17 15:00:00;6603.812
2024-09-17 16:00:00;6752.035
2024-09-17 17:00:00;7041.921
2024-09-17 18:00:00;7351.277
2024-09-17 19:00:00;7477.102
2024-09-17 20:00:00;7061.059
2024-09-17 21:00:00;6470.067
2024-09-17 22:00:00;6095.368
2024-09-17 23:00:00;5659.812
2024-09-18 00:00:00;5417.359
2024-09-18 01:00:00;5118.064
2024-09-18 02:00:00;5035.458
2024-09-18 03:00:00;4966.307
2024-09-18 04:00:00;5101.333
2024-09-18 05:00:00;5756.392
2024-09-18 06:00:00;6949.858
2024-09-18 07:00:00;7668.666
2024-09-18 08:00:00;7768.957
2024-09-18 09:00:00;7529.035
2024-09-18 10:00:00;7292.599
2024-09-18 11:00:00;7063.119
2024-09-18 12:00:00;6730.267
2024-09-18 13:00:00;6692.221
2024-09-18 14:00:00;6642.494
2024-09-18 15:00:00;6687.66
2024-09-18 16:00:00;6740.396
2024-09-18 17:00:00;7039.927
2024-09-18 18:00:00;7381.473
2024-09-18 19:00:00;7515.548
2024-09-18 20:00:00;7099.397
2024-09-18 21:00:00;6502.42
2024-09-18 22:00:00;6114.736
2024-09-18 23:00:00;5679.422
2024-09-19 00:00:00;5451.067
2024-09-19 01:00:00;5157.9
2024-09-19 02:00:00;5083.658
2024-09-19 03:00:00;4999.108
2024-09-19 04:00:00;5160.569
2024-09-19 05:00:00;5815.061
2024-09-19 06:00:00;7068.737
2024-09-19 07:00:00;7656.863
2024-09-19 08:00:00;7734.724
2024-09-19 09:00:00;7418.671
2024-09-19 10:00:00;7208.356
2024-09-19 11:00:00;7033.87
2024-09-19 12:00:00;6680.89
2024-09-19 13:00:00;6644.671
2024-09-19 14:00:00;6536.366
2024-09-19 15:00:00;6572.223
2024-09-19 16:00:00;6707.589
2024-09-19 17:00:00;7022.53
2024-09-19 18:00:00;7314.67
2024-09-19 19:00:00;7507.638
2024-09-19 20:00:00;7122.711
2024-09-19 21:00:00;6529.044
2024-09-19 22:00:00;6184.288
2024-09-19 23:00:00;5743.066
2024-09-20 00:00:00;5488.73
2024-09-20 01:00:00;5208.152
2024-09-20 02:00:00;5061.816
2024-09-20 03:00:00;5011.414
2024-09-20 04:00:00;5124.484
2024-09-20 05:00:00;5753.642
2024-09-20 06:00:00;6957.234
2024-09-20 07:00:00;7507.217
2024-09-20 08:00:00;7515.353
2024-09-20 09:00:00;7242.518
2024-09-20 10:00:00;7005.779
2024-09-20 11:00:00;6718.414
2024-09-20 12:00:00;6415.285
2024-09-20 13:00:00;6257.981
2024-09-20 14:00:00;6201.111
2024-09-20 15:00:00;6311.57
2024-09-20 16:00:00;6501.73
2024-09-20 17:00:00;6772.803
2024-09-20 18:00:00;7129.395
2024-09-20 19:00:00;7217.163
2024-09-20 20:00:00;6753.732
2024-09-20 21:00:00;6187.14
2024-09-20 22:00:00;5901.315
2024-09-20 23:00:00;5461.425
2024-09-21 00:00:00;5240.562
2024-09-21 01:00:00;4945.188
2024-09-21 02:00:00;4813.437
2024-09-21 03:00:00;4660.932
2024-09-21 04:00:00;4678.661
2024-09-21 05:00:00;4932.052
2024-09-21 06:00:00;5373.77
2024-09-21 07:00:00;5661.512
2024-09-21 08:00:00;5859.583
2024-09-21 09:00:00;5835.739
2024-09-21 10:00:00;5783.761
2024-09-21 11:00:00;5639.46
2024-09-21 12:00:00;5372.13
2024-09-21 13:00:00;5209.305
2024-09-21 14:00:00;5099.427
2024-09-21 15:00:00;5117.183
2024-09-21 16:00:00;5341.801
2024-09-21 17:00:00;5729.193
2024-09-21 18:00:00;6054.367
2024-09-21 19:00:00;6200.674
2024-09-21 20:00:00;5927.144
2024-09-21 21:00:00;5506.158
2024-09-21 22:00:00;5350.811
2024-09-21 23:00:00;4978.197
2024-09-22 00:00:00;4720.161
2024-09-22 01:00:00;4439.855
2024-09-22 02:00:00;4411.292
2024-09-22 03:00:00;4268.889
2024-09-22 04:00:00;4277.175
2024-09-22 05:00:00;4435.988
2024-09-22 06:00:00;4696.489
2024-09-22 07:00:00;4935.976
2024-09-22 08:00:00;5072.463
2024-09-22 09:00:00;5209.534
2024-09-22 10:00:00;5204.135
2024-09-22 11:00:00;5116.602
2024-09-22 12:00:00;4898.388
2024-09-22 13:00:00;4699.108
2024-09-22 14:00:00;4531.662
2024-09-22 15:00:00;4631.028
2024-09-22 16:00:00;4873.1
2024-09-22 17:00:00;5383.962
2024-09-22 18:00:00;5919.553
2024-09-22 19:00:00;6086.786
2024-09-22 20:00:00;5801.44
2024-09-22 21:00:00;5456.822
2024-09-22 22:00:00;5358.762
2024-09-22 23:00:00;4993.439
2024-09-23 00:00:00;4862.038
2024-09-23 01:00:00;4657.673
2024-09-23 02:00:00;4600.863
2024-09-23 03:00:00;4560.154
2024-09-23 04:00:00;4698.917
2024-09-23 05:00:00;5411.277
2024-09-23 06:00:00;6752.673
2024-09-23 07:00:00;7374.707
2024-09-23 08:00:00;7506.908
2024-09-23 09:00:00;7233.128
2024-09-23 10:00:00;7007.435
2024-09-23 11:00:00;6819
2024-09-23 12:00:00;6553.618
2024-09-23 13:00:00;6437.019
2024-09-23 14:00:00;6431.409
2024-09-23 15:00:00;6527.289
2024-09-23 16:00:00;6779.031
2024-09-23 17:00:00;7126.315
2024-09-23 18:00:00;7380.879
2024-09-23 19:00:00;7399.135
2024-09-23 20:00:00;6861.18
2024-09-23 21:00:00;6304.502
2024-09-23 22:00:00;5939.028
2024-09-23 23:00:00;5530.746
2024-09-24 00:00:00;5363.009
2024-09-24 01:00:00;5071.798
2024-09-24 02:00:00;4993.196
2024-09-24 03:00:00;4934.863
2024-09-24 04:00:00;5059.026
2024-09-24 05:00:00;5673.675
2024-09-24 06:00:00;6907.94
2024-09-24 07:00:00;7644.97
2024-09-24 08:00:00;7988.93
2024-09-24 09:00:00;8000.139
2024-09-24 10:00:00;7966.363
2024-09-24 11:00:00;7655.556
2024-09-24 12:00:00;7137.04
2024-09-24 13:00:00;6985.359
2024-09-24 14:00:00;6989.204
2024-09-24 15:00:00;7015.886
2024-09-24 16:00:00;7115.193
2024-09-24 17:00:00;7332.169
2024-09-24 18:00:00;7549.93
2024-09-24 19:00:00;7570.74
2024-09-24 20:00:00;7036.315
2024-09-24 21:00:00;6474.989
2024-09-24 22:00:00;6107.354
2024-09-24 23:00:00;5641.593
2024-09-25 00:00:00;5406.462
2024-09-25 01:00:00;5161.549
2024-09-25 02:00:00;5060.466
2024-09-25 03:00:00;4931.805
2024-09-25 04:00:00;5085.209
2024-09-25 05:00:00;5758.278
2024-09-25 06:00:00;6977.323
2024-09-25 07:00:00;7744.637
2024-09-25 08:00:00;7886.102
2024-09-25 09:00:00;7592.121
2024-09-25 10:00:00;7328.552
2024-09-25 11:00:00;6959.377
2024-09-25 12:00:00;6583.775
2024-09-25 13:00:00;6524.616
2024-09-25 14:00:00;6406.475
2024-09-25 15:00:00;6552.571
2024-09-25 16:00:00;6815.482
2024-09-25 17:00:00;7283.2
2024-09-25 18:00:00;7491.986
2024-09-25 19:00:00;7481.394
2024-09-25 20:00:00;6978.921
2024-09-25 21:00:00;6406.156
2024-09-25 22:00:00;6045.559
2024-09-25 23:00:00;5622.021
2024-09-26 00:00:00;5364.631
2024-09-26 01:00:00;5128.113
2024-09-26 02:00:00;5011.229
2024-09-26 03:00:00;4952.903
2024-09-26 04:00:00;5081.817
2024-09-26 05:00:00;5677.531
2024-09-26 06:00:00;6938.27
2024-09-26 07:00:00;7684.306
2024-09-26 08:00:00;7785.296
2024-09-26 09:00:00;7639.974
2024-09-26 10:00:00;7589.859
2024-09-26 11:00:00;7470.006
2024-09-26 12:00:00;7133.656
2024-09-26 13:00:00;7039.818
2024-09-26 14:00:00;7043.341
2024-09-26 15:00:00;7082.84
2024-09-26 16:00:00;6933
2024-09-26 17:00:00;7123.459
2024-09-26 18:00:00;7433.352
2024-09-26 19:00:00;7507.896
2024-09-26 20:00:00;6972.896
2024-09-26 21:00:00;6399.713
2024-09-26 22:00:00;6114.98
2024-09-26 23:00:00;5706.154
2024-09-27 00:00:00;5541.385
2024-09-27 01:00:00;5247.086
2024-09-27 02:00:00;5131.722
2024-09-27 03:00:00;5099.601
2024-09-27 04:00:00;5119.735
2024-09-27 05:00:00;5694.268
2024-09-27 06:00:00;6751.384
2024-09-27 07:00:00;7492.634
2024-09-27 08:00:00;7792.555
2024-09-27 09:00:00;7899.253
2024-09-27 10:00:00;7898.626
2024-09-27 11:00:00;7879.891
2024-09-27 12:00:00;7728.643
2024-09-27 13:00:00;7445.382
2024-09-27 14:00:00;7223.346
2024-09-27 15:00:00;7218.768
2024-09-27 16:00:00;7199.996
2024-09-27 17:00:00;7261.099
2024-09-27 18:00:00;7346.675
2024-09-27 19:00:00;7252.492
2024-09-27 20:00:00;6729.199
2024-09-27 21:00:00;6181.454
2024-09-27 22:00:00;5934.164
2024-09-27 23:00:00;5516.672
2024-09-28 00:00:00;5242.457
2024-09-28 01:00:00;4986.919
2024-09-28 02:00:00;4854.542
2024-09-28 03:00:00;4732.72
2024-09-28 04:00:00;4702.913
2024-09-28 05:00:00;4944.534
2024-09-28 06:00:00;5368.479
2024-09-28 07:00:00;5771.086
2024-09-28 08:00:00;6114.603
2024-09-28 09:00:00;6357.31
2024-09-28 10:00:00;6441.482
2024-09-28 11:00:00;6361.926
2024-09-28 12:00:00;6114.124
2024-09-28 13:00:00;5890.195
2024-09-28 14:00:00;5874.515
2024-09-28 15:00:00;6106.632
2024-09-28 16:00:00;6204.6
2024-09-28 17:00:00;6306.553
2024-09-28 18:00:00;6425.741
2024-09-28 19:00:00;6449.643
2024-09-28 20:00:00;6140.523
2024-09-28 21:00:00;5680.023
2024-09-28 22:00:00;5549.76
2024-09-28 23:00:00;5208.325
2024-09-29 00:00:00;4938.015
2024-09-29 01:00:00;4656.179
2024-09-29 02:00:00;4598.571
2024-09-29 03:00:00;4482.796
2024-09-29 04:00:00;4498.44
2024-09-29 05:00:00;4676.641
2024-09-29 06:00:00;4959.172
2024-09-29 07:00:00;5212.121
2024-09-29 08:00:00;5350.124
2024-09-29 09:00:00;5336.23
2024-09-29 10:00:00;5384.557
2024-09-29 11:00:00;5493.982
2024-09-29 12:00:00;5259.988
2024-09-29 13:00:00;5018.841
2024-09-29 14:00:00;4823.597
2024-09-29 15:00:00;4725.439
2024-09-29 16:00:00;4961.8
2024-09-29 17:00:00;5526.854
2024-09-29 18:00:00;6076.935
2024-09-29 19:00:00;6250.243
2024-09-29 20:00:00;5993.377
2024-09-29 21:00:00;5649.033
2024-09-29 22:00:00;5657.893
2024-09-29 23:00:00;5269.293
